Dataset,Seed,Method,N,TrainN,ValidationN,TestN,Features,TestClipFraction,Time,CalibTime,SolverStatus,Objective,BestBound,RelativeGap,ClippedGap,SolverWallTime,TrainingPatterns,CandidateSplits,Cells,States,TrainAccuracy,Accuracy,Brier,ECE,FPR,FNR,Cost,AUC,viol_rate,viol_severity_mean,empirical_viol_rate,empirical_viol_severity
adult_income,42,EMDT-DP,32561,20838,5210,6513,4,0.0,0.03788859999622218,0.0,DP-OPTIMAL,4239.0,4239.0,0.0,0.0,,158,16,0,1118,0.7965735675208753,0.7982496545370796,0.2017503454629203,0.2017503454629203,0.05399393326592518,0.6677295918367347,1.6054288500030953,0.63913823744867,0.0,0.0,0.0,0.0
adult_income,43,EMDT-DP,32561,20838,5210,6513,4,0.0,0.0331441000016639,0.0,DP-OPTIMAL,4226.0,4226.0,0.0,0.0,,158,16,0,1118,0.7971974277761782,0.7990173499155535,0.2009826500844465,0.2009826500844465,0.05500505561172902,0.6613520408163265,1.597729359691298,0.6418214517859723,0.0,0.0,0.0,0.0
adult_income,44,EMDT-DP,32561,20838,5210,6513,4,0.0,0.03248219999659341,0.0,DP-OPTIMAL,4249.0,4249.0,0.0,0.0,,159,16,0,1118,0.7960936750167963,0.8019345923537541,0.19806540764624597,0.19806540764624597,0.05116279069767442,0.6613520408163265,1.578518035121025,0.6437425842429996,0.0,0.0,0.0,0.0
adult_income,45,EMDT-DP,32561,20838,5210,6513,4,0.0,0.03377210001053754,0.0,DP-OPTIMAL,4253.0,4253.0,0.0,0.0,,158,16,0,1118,0.7959017180151646,0.7999385843697221,0.2000614156302779,0.2000614156302779,0.05581395348837209,0.6549744897959183,1.5890187470336972,0.6446057783578547,0.0,0.0,0.0,0.0
adult_income,46,EMDT-DP,32561,20838,5210,6513,4,0.0,0.03299799999513198,0.0,DP-OPTIMAL,4249.0,4249.0,0.0,0.0,,158,16,0,1118,0.7960936750167963,0.8022416705051436,0.19775832949485644,0.19775832949485642,0.05298281092012133,0.6543367346938775,1.5735875239883619,0.6463402271930004,0.0,0.0,0.0,0.0
adult_income,47,EMDT-DP,32561,20838,5210,6513,4,0.0,0.034981400007382035,0.0,DP-OPTIMAL,4253.0,4253.0,0.0,0.0,,159,16,0,1118,0.7959017180151646,0.7964071856287425,0.20359281437125748,0.20359281437125748,0.05601617795753286,0.6690051020408163,1.618091093869297,0.6374893600008253,0.0,0.0,0.0,0.0
adult_income,48,EMDT-DP,32561,20838,5210,6513,4,0.0,0.03245719999540597,0.0,DP-OPTIMAL,4222.0,4222.0,0.0,0.0,,159,16,0,1118,0.7973893847778097,0.7991708889912482,0.20082911100875173,0.20082911100875173,0.054196157735085945,0.6632653061224489,1.5975114009203275,0.6412692680712325,0.0,0.0,0.0,0.0
adult_income,49,EMDT-DP,32561,20838,5210,6513,4,0.0,0.03230059999623336,0.0,DP-OPTIMAL,4208.0,4208.0,0.0,0.0,,158,16,0,1118,0.7980612342835205,0.796714263780132,0.20328573621986795,0.20328573621986795,0.05500505561172902,0.6709183673469388,1.6168620127525226,0.6370382885206661,0.0,0.0,0.0,0.0
adult_income,50,EMDT-DP,32561,20838,5210,6513,4,0.0,0.03247850001207553,0.0,DP-OPTIMAL,4214.0,4214.0,0.0,0.0,,159,16,0,1118,0.7977732987810731,0.7941040994933211,0.20589590050667894,0.20589590050667894,0.059453993933265926,0.6677295918367347,1.6327291533397992,0.6364082071149997,0.0,0.0,0.0,0.0
adult_income,51,EMDT-DP,32561,20838,5210,6513,4,0.0,0.03345469999476336,0.0,DP-OPTIMAL,4202.0,4202.0,0.0,0.0,,159,16,0,1118,0.7983491697859679,0.7962536465530478,0.20374635344695224,0.20374635344695224,0.059453993933265926,0.6588010204081632,1.6148720104826562,0.6408724928292855,0.0,0.0,0.0,0.0
bank_marketing,42,EMDT-DP,45211,28934,7234,9043,4,0.0,0.04590409999946132,0.0,DP-OPTIMAL,3359.0,3359.0,0.0,0.0,,150,16,0,1078,0.8839082048800719,0.8835563419219286,0.11644365807807143,0.11644365807807144,0.005760801502817783,0.9517958412098299,1.9323956899337487,0.5212216786436761,0.0,0.0,0.0,0.0
bank_marketing,43,EMDT-DP,45211,28934,7234,9043,4,5.529138560212319e-05,0.043540099999518134,0.0,DP-OPTIMAL,3340.0,3340.0,0.0,0.0,,150,16,0,1078,0.884564871777148,0.8815658520402522,0.11843414795974787,0.11843414795974787,0.006261740763932373,0.9650283553875236,1.961365414594709,0.514354951924272,0.0,0.0,0.0,0.0
bank_marketing,44,EMDT-DP,45211,28934,7234,9043,4,5.529138560212319e-05,0.047007599991047755,0.0,DP-OPTIMAL,3356.0,3356.0,0.0,0.0,,150,16,0,1078,0.8840118891269786,0.8826716797522945,0.11732832024770541,0.11732832024770541,0.005510331872260488,0.9612476370510397,1.9500469334633816,0.5166210155383499,0.0,0.0,0.0,0.0
bank_marketing,45,EMDT-DP,45211,28934,7234,9043,4,5.529138560212319e-05,0.04261100001167506,0.0,DP-OPTIMAL,3363.0,3363.0,0.0,0.0,,150,16,0,1078,0.8837699592175295,0.8843304213203583,0.11566957867964171,0.11566957867964171,0.004383218534752661,0.9555765595463138,1.933069211766391,0.5200201109594668,0.0,0.0,0.0,0.0
bank_marketing,46,EMDT-DP,45211,28934,7234,9043,4,2.7645692801061596e-05,0.045058400006382726,0.0,DP-OPTIMAL,3361.0,3361.0,0.0,0.0,,150,16,0,1078,0.8838390820488007,0.8833351763795201,0.11666482362047993,0.11666482362047993,0.005134627426424546,0.9584120982986768,1.9424973337294764,0.5182266371374493,0.0,0.0,0.0,0.0
bank_marketing,47,EMDT-DP,45211,28934,7234,9043,4,5.529138560212319e-05,0.04571729998860974,0.0,DP-OPTIMAL,3367.0,3367.0,0.0,0.0,,150,16,0,1078,0.8836317135549873,0.8842198385491541,0.11578016145084596,0.11578016145084595,0.004383218534752661,0.9565217391304348,1.934959570934633,0.5195475211674063,0.0,0.0,0.0,0.0
bank_marketing,48,EMDT-DP,45211,28934,7234,9043,4,5.529138560212319e-05,0.04285699999309145,0.0,DP-OPTIMAL,3344.0,3344.0,0.0,0.0,,150,16,0,1078,0.8844266261146057,0.8818976003538649,0.11810239964613513,0.11810239964613514,0.006637445209768315,0.9593572778827977,1.9519017818144369,0.5170026384537171,0.0,0.0,0.0,0.0
bank_marketing,49,EMDT-DP,45211,28934,7234,9043,4,5.529138560212319e-05,0.043977699999231845,0.0,DP-OPTIMAL,3374.0,3374.0,0.0,0.0,,150,16,0,1078,0.8833897836455381,0.8844410040915626,0.11555899590843746,0.11555899590843746,0.003882279273638071,0.9584120982986768,1.936235592965544,0.5188528112138426,0.0,0.0,0.0,0.0
bank_marketing,50,EMDT-DP,45211,28934,7234,9043,4,8.293707840318478e-05,0.043971099992631935,0.0,DP-OPTIMAL,3368.0,3368.0,0.0,0.0,,150,16,0,1078,0.8835971521393516,0.8836669246931328,0.11633307530686719,0.11633307530686719,0.0041327489041953665,0.9631379962192816,1.94693973695954,0.5163646274382615,0.0,0.0,0.0,0.0
bank_marketing,51,EMDT-DP,45211,28934,7234,9043,4,5.529138560212319e-05,0.04462980000243988,0.0,DP-OPTIMAL,3366.0,3366.0,0.0,0.0,,150,16,0,1078,0.8836662749706228,0.8839986730067455,0.11600132699325445,0.11600132699325444,0.0048841577958672515,0.9546313799621928,1.9336835489037218,0.52024223112097,0.0,0.0,0.0,0.0
compas_real,42,EMDT-DP,6172,3949,988,1235,5,0.00048582995951417006,0.005603099998552352,0.0,DP-OPTIMAL,1292.0,1292.0,0.0,0.0,,20,20,0,199,0.6728285641934667,0.6534412955465587,0.3465587044534413,0.3465587044534413,0.47153024911032027,0.24219910846953938,2.8420494624906802,0.6431353212100701,0.0,0.0,0.0,0.0
compas_real,43,EMDT-DP,6172,3949,988,1235,5,0.00032388663967611336,0.0051004999986616895,0.0,DP-OPTIMAL,1291.0,1291.0,0.0,0.0,,20,20,0,199,0.6730817928589516,0.6817813765182186,0.31821862348178137,0.3182186234817813,0.4626334519572954,0.1976225854383358,2.7084124306631483,0.6698719813021844,0.0,0.0,0.0,0.0
compas_real,44,EMDT-DP,6172,3949,988,1235,5,0.00032388663967611336,0.005640900009893812,0.0,DP-OPTIMAL,1318.0,1318.0,0.0,0.0,,20,20,0,199,0.6662446188908584,0.6728744939271255,0.3271255060728745,0.3271255060728745,0.4928825622775801,0.1887072808320951,2.8418273730520904,0.6592050784451624,0.0,0.0,0.0,0.0
compas_real,45,EMDT-DP,6172,3949,988,1235,5,0.00048582995951417006,0.004914099990855902,0.0,DP-OPTIMAL,1268.0,1268.0,0.0,0.0,,20,20,0,199,0.6789060521651051,0.6566801619433198,0.34331983805668015,0.3433198380566802,0.48398576512455516,0.22585438335809807,2.8716375923389723,0.6450799257586733,0.0,0.0,0.0,0.0
compas_real,46,EMDT-DP,6172,3949,988,1235,5,0.0006477732793522267,0.004906899994239211,0.0,DP-OPTIMAL,1288.0,1288.0,0.0,0.0,,20,20,0,199,0.6738414788554065,0.671255060728745,0.3287449392712551,0.3287449392712551,0.4893238434163701,0.19465081723625557,2.8359208515543615,0.6580126696736872,0.0,0.0,0.0,0.0
compas_real,47,EMDT-DP,6172,3949,988,1235,5,0.00016194331983805668,0.004728100000647828,0.0,DP-OPTIMAL,1320.0,1320.0,0.0,0.0,,20,20,0,199,0.6657381615598886,0.676923076923077,0.3230769230769231,0.3230769230769231,0.4626334519572954,0.2065378900445765,2.7262430398756297,0.6654143289990639,0.0,0.0,0.0,0.0
compas_real,48,EMDT-DP,6172,3949,988,1235,5,0.00016194331983805668,0.005575200004386716,0.0,DP-OPTIMAL,1313.0,1313.0,0.0,0.0,,20,20,0,199,0.6675107622182831,0.668825910931174,0.3311740890688259,0.3311740890688259,0.39679715302491103,0.2763744427934621,2.5367346507114794,0.6634142020908134,0.0,0.0,0.0,0.0
compas_real,49,EMDT-DP,6172,3949,988,1235,5,0.00032388663967611336,0.004693399998359382,0.0,DP-OPTIMAL,1292.0,1292.0,0.0,0.0,,20,20,0,199,0.6728285641934667,0.6704453441295547,0.32955465587044536,0.32955465587044536,0.5284697508896797,0.16344725111441308,2.969243256677225,0.6540414989979536,0.0,0.0,0.0,0.0
compas_real,50,EMDT-DP,6172,3949,988,1235,5,0.0008097165991902834,0.00529449999157805,0.0,DP-OPTIMAL,1312.0,1312.0,0.0,0.0,,20,20,0,199,0.667763990883768,0.6696356275303643,0.3303643724696356,0.3303643724696356,0.40569395017793597,0.2674591381872214,2.5633880272641223,0.6634234558174212,0.0,0.0,0.0,0.0
compas_real,51,EMDT-DP,6172,3949,988,1235,5,0.00032388663967611336,0.00513229999342002,0.0,DP-OPTIMAL,1295.0,1295.0,0.0,0.0,,20,20,0,199,0.6720688781970119,0.6680161943319838,0.3319838056680162,0.33198380566801616,0.47686832740213525,0.21099554234769688,2.80633272170607,0.6560680651250839,0.0,0.0,0.0,0.0
german_real,42,EMDT-DP,1000,640,160,200,5,0.002,0.037664600007701665,0.0,DP-OPTIMAL,182.0,182.0,0.0,0.0,,449,18,0,5299,0.715625,0.705,0.295,0.29500000000000004,0.9166666666666666,0.02857142857142857,4.64047619047619,0.5273809523809524,0.0,0.0,0.0,0.0
german_real,43,EMDT-DP,1000,640,160,200,5,0.001,0.0363229000067804,0.0,DP-OPTIMAL,181.0,181.0,0.0,0.0,,449,18,0,5336,0.7171875,0.71,0.29,0.29,0.9333333333333333,0.014285714285714285,4.695238095238095,0.5261904761904762,0.0,0.0,0.0,0.0
german_real,44,EMDT-DP,1000,640,160,200,5,0.001,0.033911600010469556,0.0,DP-OPTIMAL,183.0,183.0,0.0,0.0,,438,18,0,5287,0.7140625,0.715,0.285,0.28500000000000003,0.8833333333333333,0.02857142857142857,4.473809523809523,0.544047619047619,0.0,0.0,0.0,0.0
german_real,45,EMDT-DP,1000,640,160,200,5,0.0,0.03334520000498742,0.0,DP-OPTIMAL,180.0,180.0,0.0,0.0,,441,18,0,5320,0.71875,0.69,0.31,0.31,0.85,0.07857142857142857,4.4071428571428575,0.5357142857142857,0.0,0.0,0.0,0.0
german_real,46,EMDT-DP,1000,640,160,200,5,0.0,0.0364421999984188,0.0,DP-OPTIMAL,186.0,186.0,0.0,0.0,,454,18,0,5305,0.709375,0.705,0.295,0.29500000000000004,0.9333333333333333,0.02142857142857143,4.70952380952381,0.5226190476190476,0.0,0.0,0.0,0.0
german_real,47,EMDT-DP,1000,640,160,200,5,0.0,0.03564319999713916,0.0,DP-OPTIMAL,186.0,186.0,0.0,0.0,,443,18,0,5304,0.709375,0.71,0.29,0.29000000000000004,0.8333333333333334,0.05714285714285714,4.280952380952381,0.5547619047619047,0.0,0.0,0.0,0.0
german_real,48,EMDT-DP,1000,640,160,200,5,0.0,0.03408469998976216,0.0,DP-OPTIMAL,178.0,178.0,0.0,0.0,,447,18,0,5343,0.721875,0.68,0.32,0.32,0.95,0.05,4.85,0.5,0.0,0.0,0.0,0.0
german_real,49,EMDT-DP,1000,640,160,200,5,0.0,0.032940399993094616,0.0,DP-OPTIMAL,173.0,173.0,0.0,0.0,,434,18,0,5302,0.7296875,0.69,0.31,0.31000000000000005,0.9666666666666667,0.02857142857142857,4.89047619047619,0.5023809523809524,0.0,0.0,0.0,0.0
german_real,50,EMDT-DP,1000,640,160,200,5,0.002,0.03419730000314303,0.0,DP-OPTIMAL,182.0,182.0,0.0,0.0,,432,18,0,5304,0.715625,0.66,0.34,0.34,0.9333333333333333,0.08571428571428572,4.838095238095239,0.4904761904761904,0.0,0.0,0.0,0.0
german_real,51,EMDT-DP,1000,640,160,200,5,0.0,0.03288250000332482,0.0,DP-OPTIMAL,185.0,185.0,0.0,0.0,,442,18,0,5334,0.7109375,0.71,0.29,0.29,0.9333333333333333,0.014285714285714285,4.695238095238095,0.5261904761904762,0.0,0.0,0.0,0.0
