Dataset,Method,Optimal,Feasible,MeanObjective,MeanGap,MeanTime,Patterns,Candidates,Cells
compas_real,ODT,10,0,1278.1,0.0,0.061210139998001935,20.0,20.0,0.0
compas_real,EMDT,10,0,1298.9,0.0,0.07205800000083394,20.0,20.0,0.0
compas_real,EMDT-Cell,10,0,1278.1,0.0,0.07165122999867887,20.0,20.0,20.0
compas_real,EMDT-DP,10,0,1298.9,0.0,0.00515889999805946,20.0,20.0,0.0
german_real,ODT,0,10,176.2,0.6431795036044176,30.45913773999782,442.9,18.0,0.0
german_real,EMDT,8,2,181.6,0.1293276615857261,9.240706589999899,442.9,18.0,0.0
german_real,EMDT-Cell,0,10,182.0,0.6521443790956302,32.49231084999919,442.9,18.0,2000.0
german_real,EMDT-DP,10,0,181.6,0.0,0.03474346000148214,442.9,18.0,0.0
adult_income,ODT,10,0,4149.4,0.0,2.2299779099979786,158.5,16.0,0.0
adult_income,EMDT,10,0,4231.5,0.0,2.269634130000486,158.5,16.0,0.0
adult_income,EMDT-Cell,10,0,4162.0,0.0,1.7330291299978853,158.5,16.0,160.0
adult_income,EMDT-DP,10,0,4231.5,0.0,0.033595740000600886,158.5,16.0,0.0
bank_marketing,ODT,10,0,3359.8,0.0,0.8271367399996962,150.0,16.0,0.0
bank_marketing,EMDT,10,0,3359.8,0.0,0.6598635000031209,150.0,16.0,0.0
bank_marketing,EMDT-Cell,10,0,3359.8,0.0,0.9936036400016747,150.0,16.0,150.0
bank_marketing,EMDT-DP,10,0,3359.8,0.0,0.04452740999840894,150.0,16.0,0.0
