Study,Generator,N,Features,Depth,Noise,Seed,Method,Time,TrainAccuracy,Accuracy,Brier,ECE,FPR,FNR,Cost,AUC,viol_rate,viol_severity_mean,empirical_viol_rate,empirical_viol_severity,status,objective,best_bound,relative_gap,wall_time,n_raw_training,n_training_patterns,states,cached_regions,fully_governed
Noise,Linear,200,3,3,0.1,42,CART,0.0006788000027881935,0.75625,0.55,0.45,0.45,0.2631578947368421,0.6190476190476191,2.5538847117794488,0.5588972431077694,0.0415,0.0415,0.0055,0.0055,,,,,,,,,,
Noise,Linear,200,3,3,0.1,42,EMDT-DP,0.0030879999976605177,0.70625,0.575,0.425,0.42500000000000004,0.2631578947368421,0.5714285714285714,2.458646616541353,0.5827067669172933,0.0,0.0,0.0,0.0,DP-OPTIMAL,47.0,47.0,0.0,0.0030772000027354807,160.0,94.0,1220.0,995.0,True
Noise,Linear,200,3,3,0.1,43,CART,0.0006138000026112422,0.8,0.55,0.45,0.45000000000000007,0.55,0.35,3.45,0.55,0.0,0.0,0.0005,0.0005,,,,,,,,,,
Noise,Linear,200,3,3,0.1,43,EMDT-DP,0.0029202000005170703,0.7625,0.55,0.45,0.44999999999999996,0.45,0.45,3.15,0.55,0.0,0.0,0.0,0.0,DP-OPTIMAL,38.0,38.0,0.0,0.0029097999940859154,160.0,89.0,1214.0,989.0,True
Noise,Linear,200,3,3,0.1,44,CART,0.0006794000073568895,0.74375,0.7,0.3,0.29999999999999993,0.5,0.1,2.7,0.7,0.002,0.002,0.0,0.0,,,,,,,,,,
Noise,Linear,200,3,3,0.1,44,EMDT-DP,0.0033641999907558784,0.69375,0.625,0.375,0.375,0.4,0.35,2.7,0.625,0.0,0.0,0.0,0.0,DP-OPTIMAL,49.0,49.0,0.0,0.003348600002937019,160.0,94.0,1242.0,1017.0,True
Noise,Linear,200,3,3,0.1,45,CART,0.0005952000065008178,0.775,0.625,0.375,0.375,0.4,0.35,2.7,0.625,0.0225,0.0225,0.0215,0.0215,,,,,,,,,,
Noise,Linear,200,3,3,0.1,45,EMDT-DP,0.0030155000131344423,0.74375,0.55,0.45,0.45000000000000007,0.3,0.6,2.7,0.5499999999999999,0.0,0.0,0.0,0.0,DP-OPTIMAL,41.0,41.0,0.0,0.003004699989105575,160.0,96.0,1230.0,1005.0,True
Noise,Linear,200,3,3,0.1,46,CART,0.0005042999982833862,0.74375,0.525,0.475,0.475,0.45,0.5,3.25,0.525,0.025,0.025,0.019,0.019,,,,,,,,,,
Noise,Linear,200,3,3,0.1,46,EMDT-DP,0.00435519999882672,0.69375,0.55,0.45,0.45000000000000007,0.3,0.6,2.7,0.5499999999999999,0.0,0.0,0.0,0.0,DP-OPTIMAL,49.0,49.0,0.0,0.004341899999417365,160.0,92.0,1213.0,988.0,True
Noise,Linear,200,3,3,0.1,47,CART,0.000516800006153062,0.79375,0.6,0.4,0.4,0.2727272727272727,0.5555555555555556,2.474747474747475,0.5858585858585859,0.0255,0.0255,0.0145,0.0145,,,,,,,,,,
Noise,Linear,200,3,3,0.1,47,EMDT-DP,0.0044104999979026616,0.7125,0.6,0.4,0.4,0.36363636363636365,0.4444444444444444,2.707070707070707,0.595959595959596,0.0,0.0,0.0,0.0,DP-OPTIMAL,46.0,46.0,0.0,0.0043978999892715365,160.0,89.0,1197.0,972.0,True
Noise,Linear,200,3,3,0.1,48,CART,0.0004490999999688938,0.79375,0.75,0.25,0.25,0.15,0.35,1.45,0.7499999999999999,0.0115,0.0115,0.025,0.025,,,,,,,,,,
Noise,Linear,200,3,3,0.1,48,EMDT-DP,0.004331200005253777,0.74375,0.8,0.2,0.2,0.1,0.3,1.1,0.8,0.0,0.0,0.0,0.0,DP-OPTIMAL,41.0,41.0,0.0,0.004318099992815405,160.0,93.0,1215.0,990.0,True
Noise,Linear,200,3,3,0.1,49,CART,0.0005213000113144517,0.75,0.65,0.35,0.35,0.42105263157894735,0.2857142857142857,2.6766917293233083,0.6466165413533835,0.001,0.001,0.007,0.007,,,,,,,,,,
Noise,Linear,200,3,3,0.1,49,EMDT-DP,0.004362299994681962,0.7125,0.65,0.35,0.35,0.42105263157894735,0.2857142857142857,2.6766917293233083,0.6466165413533835,0.0,0.0,0.0,0.0,DP-OPTIMAL,46.0,46.0,0.0,0.004350300005171448,160.0,93.0,1220.0,995.0,True
Noise,Linear,200,3,3,0.1,50,CART,0.0004571000026771799,0.6625,0.55,0.45,0.44999999999999996,0.2,0.7,2.4,0.55,0.0215,0.0215,0.042,0.042,,,,,,,,,,
Noise,Linear,200,3,3,0.1,50,EMDT-DP,0.002698900003451854,0.6375,0.575,0.425,0.42500000000000004,0.2,0.65,2.3,0.5750000000000001,0.0,0.0,0.0,0.0,DP-OPTIMAL,58.0,58.0,0.0,0.00269210000988096,160.0,90.0,1216.0,991.0,True
Noise,Linear,200,3,3,0.1,51,CART,0.000447900005383417,0.725,0.65,0.35,0.35,0.5,0.22727272727272727,2.9545454545454546,0.6363636363636364,0.0115,0.0115,0.0135,0.0135,,,,,,,,,,
Noise,Linear,200,3,3,0.1,51,EMDT-DP,0.0027584999916143715,0.69375,0.625,0.375,0.375,0.6111111111111112,0.18181818181818182,3.4191919191919196,0.6035353535353536,0.0,0.0,0.0,0.0,DP-OPTIMAL,49.0,49.0,0.0,0.0027516999980434775,160.0,88.0,1196.0,971.0,True
Noise,Linear,200,3,3,0.1,52,CART,0.00043879999429918826,0.7875,0.7,0.3,0.3,0.2857142857142857,0.3157894736842105,2.060150375939849,0.6992481203007519,0.074,0.074,0.045,0.045,,,,,,,,,,
Noise,Linear,200,3,3,0.1,52,EMDT-DP,0.002873999997973442,0.725,0.7,0.3,0.29999999999999993,0.23809523809523808,0.3684210526315789,1.9273182957393482,0.6967418546365914,0.0,0.0,0.0,0.0,DP-OPTIMAL,44.0,44.0,0.0,0.0028668000013567507,160.0,87.0,1200.0,975.0,True
Noise,Linear,200,3,3,0.1,53,CART,0.00043309999455232173,0.81875,0.575,0.425,0.425,0.47368421052631576,0.38095238095238093,3.1303258145363406,0.5726817042606517,0.005,0.005,0.015,0.015,,,,,,,,,,
Noise,Linear,200,3,3,0.1,53,EMDT-DP,0.0026665000041248277,0.70625,0.725,0.275,0.27499999999999997,0.3684210526315789,0.19047619047619047,2.2230576441102756,0.7205513784461153,0.0,0.0,0.0,0.0,DP-OPTIMAL,47.0,47.0,0.0,0.0026590999914333224,160.0,91.0,1214.0,989.0,True
Noise,Linear,200,3,3,0.1,54,CART,0.000524200004292652,0.7125,0.575,0.425,0.42499999999999993,0.35,0.5,2.75,0.5750000000000001,0.0,0.0,0.0,0.0,,,,,,,,,,
Noise,Linear,200,3,3,0.1,54,EMDT-DP,0.0027488999912748113,0.66875,0.525,0.475,0.4750000000000001,0.65,0.3,3.85,0.5249999999999999,0.0,0.0,0.0,0.0,DP-OPTIMAL,53.0,53.0,0.0,0.00274100000387989,160.0,95.0,1231.0,1006.0,True
Noise,Linear,200,3,3,0.1,55,CART,0.0004661999992094934,0.73125,0.625,0.375,0.375,0.2,0.55,2.1,0.625,0.0,0.0,0.0,0.0,,,,,,,,,,
Noise,Linear,200,3,3,0.1,55,EMDT-DP,0.0028612000023713335,0.7125,0.6,0.4,0.4,0.2,0.6,2.2,0.6,0.0,0.0,0.0,0.0,DP-OPTIMAL,46.0,46.0,0.0,0.0028531999996630475,160.0,96.0,1231.0,1006.0,True
Noise,Linear,200,3,3,0.1,56,CART,0.0004594999918481335,0.75625,0.65,0.35,0.35,0.2,0.5,2.0,0.6500000000000001,0.0,0.0,0.0,0.0,,,,,,,,,,
Noise,Linear,200,3,3,0.1,56,EMDT-DP,0.0028002000035485253,0.71875,0.65,0.35,0.35,0.2,0.5,2.0,0.6500000000000001,0.0,0.0,0.0,0.0,DP-OPTIMAL,45.0,45.0,0.0,0.002793000006931834,160.0,100.0,1226.0,1001.0,True
Noise,Linear,200,3,3,0.1,57,CART,0.0004417000018293038,0.75,0.65,0.35,0.35000000000000003,0.3,0.4,2.3,0.6499999999999999,0.0,0.0,0.0,0.0,,,,,,,,,,
Noise,Linear,200,3,3,0.1,57,EMDT-DP,0.002623499996843748,0.7125,0.625,0.375,0.375,0.4,0.35,2.7,0.625,0.0,0.0,0.0,0.0,DP-OPTIMAL,46.0,46.0,0.0,0.0026166000025114045,160.0,90.0,1204.0,979.0,True
Noise,Linear,200,3,3,0.1,58,CART,0.0004415000003064051,0.7625,0.675,0.325,0.325,0.375,0.25,2.375,0.6875,0.0,0.0,0.0,0.0,,,,,,,,,,
Noise,Linear,200,3,3,0.1,58,EMDT-DP,0.002832000012858771,0.725,0.625,0.375,0.37499999999999994,0.4583333333333333,0.25,2.7916666666666665,0.6458333333333334,0.0,0.0,0.0,0.0,DP-OPTIMAL,44.0,44.0,0.0,0.002820800000336021,160.0,92.0,1205.0,980.0,True
Noise,Linear,200,3,3,0.1,59,CART,0.0004253000079188496,0.725,0.525,0.475,0.475,0.7647058823529411,0.2608695652173913,4.345268542199488,0.48721227621483376,0.009,0.009,0.0005,0.0005,,,,,,,,,,
Noise,Linear,200,3,3,0.1,59,EMDT-DP,0.002730000007431954,0.70625,0.55,0.45,0.44999999999999996,0.5294117647058824,0.391304347826087,3.4296675191815855,0.5396419437340154,0.0,0.0,0.0,0.0,DP-OPTIMAL,47.0,47.0,0.0,0.0027227999962633476,160.0,90.0,1216.0,991.0,True
Noise,Linear,200,3,3,0.1,60,CART,0.00043340001138858497,0.7375,0.6,0.4,0.4,0.3,0.5,2.5,0.5999999999999999,0.0,0.0,0.0,0.0,,,,,,,,,,
Noise,Linear,200,3,3,0.1,60,EMDT-DP,0.0027348000003257766,0.6875,0.6,0.4,0.4,0.45,0.35,2.95,0.6,0.0,0.0,0.0,0.0,DP-OPTIMAL,50.0,50.0,0.0,0.0027255000022705644,160.0,92.0,1221.0,996.0,True
Noise,Linear,200,3,3,0.1,61,CART,0.00042379999649710953,0.79375,0.75,0.25,0.25,0.23809523809523808,0.2631578947368421,1.7167919799498748,0.7493734335839599,0.0,0.0,0.0,0.0,,,,,,,,,,
Noise,Linear,200,3,3,0.1,61,EMDT-DP,0.002669699999387376,0.75,0.7,0.3,0.3,0.2857142857142857,0.3157894736842105,2.060150375939849,0.6992481203007519,0.0,0.0,0.0,0.0,DP-OPTIMAL,40.0,40.0,0.0,0.0026591000059852377,160.0,88.0,1218.0,993.0,True
Noise,Linear,200,3,3,0.1,62,CART,0.0004327000060584396,0.75625,0.625,0.375,0.375,0.3888888888888889,0.36363636363636365,2.6717171717171717,0.6237373737373737,0.0055,0.0055,0.007,0.007,,,,,,,,,,
Noise,Linear,200,3,3,0.1,62,EMDT-DP,0.0026694999978644773,0.7,0.75,0.25,0.25,0.3333333333333333,0.18181818181818182,2.0303030303030303,0.7424242424242425,0.0,0.0,0.0,0.0,DP-OPTIMAL,48.0,48.0,0.0,0.0026587999891489744,160.0,89.0,1213.0,988.0,True
Noise,Linear,200,3,3,0.1,63,CART,0.0004298999992897734,0.79375,0.65,0.35,0.35,0.42105263157894735,0.2857142857142857,2.6766917293233083,0.6466165413533835,0.005,0.005,0.0,0.0,,,,,,,,,,
Noise,Linear,200,3,3,0.1,63,EMDT-DP,0.002753000007942319,0.75,0.675,0.325,0.325,0.2631578947368421,0.38095238095238093,2.0776942355889725,0.6779448621553885,0.0,0.0,0.0,0.0,DP-OPTIMAL,40.0,40.0,0.0,0.002745999998296611,160.0,94.0,1219.0,994.0,True
Noise,Linear,200,3,3,0.1,64,CART,0.0004427999956533313,0.7625,0.65,0.35,0.35,0.23809523809523808,0.47368421052631576,2.137844611528822,0.644110275689223,0.0,0.0,0.0,0.0,,,,,,,,,,
Noise,Linear,200,3,3,0.1,64,EMDT-DP,0.0028652000037254766,0.7,0.775,0.225,0.225,0.14285714285714285,0.3157894736842105,1.3458646616541352,0.7706766917293233,0.0,0.0,0.0,0.0,DP-OPTIMAL,48.0,48.0,0.0,0.002856799997971393,160.0,91.0,1215.0,990.0,True
Noise,Linear,200,3,3,0.1,65,CART,0.0004771999956574291,0.7125,0.575,0.425,0.425,0.5555555555555556,0.3181818181818182,3.414141414141414,0.5631313131313131,0.0,0.0,0.0,0.0,,,,,,,,,,
Noise,Linear,200,3,3,0.1,65,EMDT-DP,0.0027319999935571104,0.68125,0.6,0.4,0.4,0.6666666666666666,0.18181818181818182,3.696969696969697,0.5757575757575758,0.0,0.0,0.0,0.0,DP-OPTIMAL,51.0,51.0,0.0,0.002722899997024797,160.0,93.0,1218.0,993.0,True
Noise,Linear,200,3,3,0.1,66,CART,0.0004040000058012083,0.7375,0.625,0.375,0.37500000000000006,0.13043478260869565,0.7058823529411765,2.0639386189258313,0.581841432225064,0.0925,0.0925,0.0415,0.0415,,,,,,,,,,
Noise,Linear,200,3,3,0.1,66,EMDT-DP,0.003853800008073449,0.69375,0.725,0.275,0.275,0.043478260869565216,0.5882352941176471,1.3938618925831203,0.6841432225063938,0.0,0.0,0.0,0.0,DP-OPTIMAL,49.0,49.0,0.0,0.0038406999956350774,160.0,94.0,1215.0,990.0,True
Noise,Linear,200,3,3,0.1,67,CART,0.0004197999951429665,0.7625,0.675,0.325,0.32499999999999996,0.45,0.2,2.65,0.675,0.02,0.02,0.013,0.013,,,,,,,,,,
Noise,Linear,200,3,3,0.1,67,EMDT-DP,0.003901799995219335,0.71875,0.7,0.3,0.29999999999999993,0.5,0.1,2.7,0.7,0.0,0.0,0.0,0.0,DP-OPTIMAL,45.0,45.0,0.0,0.0038889999996172264,160.0,98.0,1232.0,1007.0,True
Noise,Linear,200,3,3,0.1,68,CART,0.00041059999784920365,0.78125,0.525,0.475,0.475,0.45,0.5,3.25,0.525,0.0,0.0,0.0,0.0,,,,,,,,,,
Noise,Linear,200,3,3,0.1,68,EMDT-DP,0.003182500004186295,0.71875,0.6,0.4,0.4,0.35,0.45,2.65,0.6000000000000001,0.0,0.0,0.0,0.0,DP-OPTIMAL,45.0,45.0,0.0,0.0031732000061310828,160.0,92.0,1210.0,985.0,True
Noise,Linear,200,3,3,0.1,69,CART,0.000411000000895001,0.7375,0.675,0.325,0.32499999999999996,0.10526315789473684,0.5238095238095238,1.573934837092732,0.6854636591478697,0.0005,0.0005,0.0055,0.0055,,,,,,,,,,
Noise,Linear,200,3,3,0.1,69,EMDT-DP,0.0032238999992841855,0.7125,0.65,0.35,0.35,0.2631578947368421,0.42857142857142855,2.1729323308270674,0.6541353383458647,0.0,0.0,0.0,0.0,DP-OPTIMAL,46.0,46.0,0.0,0.003214800002751872,160.0,96.0,1224.0,999.0,True
Noise,Linear,200,3,3,0.1,70,CART,0.0005643000040436164,0.7375,0.625,0.375,0.375,0.4444444444444444,0.3181818181818182,2.8585858585858586,0.6186868686868686,0.0,0.0,0.004,0.004,,,,,,,,,,
Noise,Linear,200,3,3,0.1,70,EMDT-DP,0.003057299996726215,0.70625,0.65,0.35,0.3500000000000001,0.3888888888888889,0.3181818181818182,2.580808080808081,0.6464646464646464,0.0,0.0,0.0,0.0,DP-OPTIMAL,47.0,47.0,0.0,0.0030467999895336106,160.0,95.0,1228.0,1003.0,True
Noise,Linear,200,3,3,0.1,71,CART,0.00046629999997094274,0.75,0.6,0.4,0.39999999999999997,0.6,0.2,3.4,0.6000000000000001,0.053,0.053,0.0155,0.0155,,,,,,,,,,
Noise,Linear,200,3,3,0.1,71,EMDT-DP,0.0029424999956972897,0.71875,0.8,0.2,0.2,0.3,0.1,1.7,0.7999999999999999,0.0,0.0,0.0,0.0,DP-OPTIMAL,45.0,45.0,0.0,0.0029334999999264255,160.0,93.0,1223.0,998.0,True
Noise,Linear,200,3,3,0.25,42,CART,0.0004327000060584396,0.725,0.525,0.475,0.47500000000000003,0.7777777777777778,0.22727272727272727,4.343434343434343,0.49747474747474746,0.0405,0.0405,0.0295,0.0295,,,,,,,,,,
Noise,Linear,200,3,3,0.25,42,EMDT-DP,0.0028138000052422285,0.64375,0.6,0.4,0.4,0.5,0.3181818181818182,3.1363636363636362,0.5909090909090908,0.0,0.0,0.0,0.0,DP-OPTIMAL,57.0,57.0,0.0,0.0028039999888278544,160.0,96.0,1216.0,991.0,True
Noise,Linear,200,3,3,0.25,43,CART,0.0004309000069042668,0.75625,0.525,0.475,0.47500000000000003,0.36363636363636365,0.6111111111111112,3.0404040404040407,0.5126262626262625,0.002,0.002,0.002,0.002,,,,,,,,,,
Noise,Linear,200,3,3,0.25,43,EMDT-DP,0.002762600008281879,0.69375,0.55,0.45,0.45,0.3181818181818182,0.6111111111111112,2.813131313131313,0.5353535353535354,0.0,0.0,0.0,0.0,DP-OPTIMAL,49.0,49.0,0.0,0.002752400003373623,160.0,88.0,1198.0,973.0,True
Noise,Linear,200,3,3,0.25,44,CART,0.00041510000301059335,0.73125,0.525,0.475,0.47500000000000003,0.5789473684210527,0.38095238095238093,3.656641604010025,0.5200501253132832,0.0165,0.0165,0.0075,0.0075,,,,,,,,,,
Noise,Linear,200,3,3,0.25,44,EMDT-DP,0.002590300005977042,0.68125,0.575,0.425,0.425,0.5263157894736842,0.3333333333333333,3.2982456140350873,0.5701754385964912,0.0,0.0,0.0,0.0,DP-OPTIMAL,51.0,51.0,0.0,0.00258390000090003,160.0,89.0,1222.0,997.0,True
Noise,Linear,200,3,3,0.25,45,CART,0.00041390000842511654,0.5875,0.5,0.5,0.5,0.85,0.15,4.55,0.5,0.093,0.093,0.0435,0.0435,,,,,,,,,,
Noise,Linear,200,3,3,0.25,45,EMDT-DP,0.0027725999971153215,0.60625,0.55,0.45,0.44999999999999996,0.4,0.5,3.0,0.5499999999999999,0.0,0.0,0.0,0.0,DP-OPTIMAL,63.0,63.0,0.0,0.0027639999898383394,160.0,95.0,1223.0,998.0,True
Noise,Linear,200,3,3,0.25,46,CART,0.00044430000707507133,0.63125,0.525,0.475,0.475,0.6666666666666666,0.2631578947368421,3.859649122807017,0.5350877192982457,0.0,0.0,0.0,0.0,,,,,,,,,,
Noise,Linear,200,3,3,0.25,46,EMDT-DP,0.003091100006713532,0.65625,0.55,0.45,0.44999999999999996,0.5238095238095238,0.3684210526315789,3.355889724310777,0.5538847117794485,0.0,0.0,0.0,0.0,DP-OPTIMAL,55.0,55.0,0.0,0.003083799994783476,160.0,92.0,1209.0,984.0,True
Noise,Linear,200,3,3,0.25,47,CART,0.0004191999905742705,0.725,0.525,0.475,0.475,0.6,0.35,3.7,0.525,0.0135,0.0135,0.002,0.002,,,,,,,,,,
Noise,Linear,200,3,3,0.25,47,EMDT-DP,0.002937700002803467,0.675,0.55,0.45,0.45000000000000007,0.55,0.35,3.45,0.55,0.0,0.0,0.0,0.0,DP-OPTIMAL,52.0,52.0,0.0,0.002929399997810833,160.0,89.0,1196.0,971.0,True
Noise,Linear,200,3,3,0.25,48,CART,0.00042969999776687473,0.65625,0.675,0.325,0.32499999999999996,0.3,0.35,2.2,0.6749999999999999,0.018,0.018,0.021,0.021,,,,,,,,,,
Noise,Linear,200,3,3,0.25,48,EMDT-DP,0.002611599993542768,0.625,0.675,0.325,0.32499999999999996,0.3,0.35,2.2,0.6749999999999999,0.0,0.0,0.0,0.0,DP-OPTIMAL,60.0,60.0,0.0,0.0026043999969260767,160.0,90.0,1218.0,993.0,True
Noise,Linear,200,3,3,0.25,49,CART,0.0004285000031813979,0.725,0.625,0.375,0.375,0.2,0.55,2.1,0.625,0.037,0.037,0.0,0.0,,,,,,,,,,
Noise,Linear,200,3,3,0.25,49,EMDT-DP,0.0029257999995024875,0.7,0.625,0.375,0.375,0.4,0.35,2.7,0.625,0.0,0.0,0.0,0.0,DP-OPTIMAL,48.0,48.0,0.0,0.0029151000053389,160.0,93.0,1208.0,983.0,True
Noise,Linear,200,3,3,0.25,50,CART,0.0004200999974273145,0.68125,0.475,0.525,0.525,0.8,0.25,4.5,0.475,0.0505,0.0505,0.042,0.042,,,,,,,,,,
Noise,Linear,200,3,3,0.25,50,EMDT-DP,0.0025901999906636775,0.60625,0.475,0.525,0.525,0.6,0.45,3.9,0.4750000000000001,0.0,0.0,0.0,0.0,DP-OPTIMAL,63.0,63.0,0.0,0.002584100002422929,160.0,87.0,1196.0,971.0,True
Noise,Linear,200,3,3,0.25,51,CART,0.0004675999953178689,0.675,0.525,0.475,0.475,0.6,0.35,3.7,0.525,0.0155,0.0155,0.0135,0.0135,,,,,,,,,,
Noise,Linear,200,3,3,0.25,51,EMDT-DP,0.002886899994337,0.65,0.525,0.475,0.475,0.55,0.4,3.55,0.525,0.0,0.0,0.0,0.0,DP-OPTIMAL,56.0,56.0,0.0,0.0028800000000046566,160.0,90.0,1198.0,973.0,True
Noise,Linear,200,3,3,0.25,52,CART,0.0005441999965114519,0.74375,0.45,0.55,0.55,0.5,0.6,3.7,0.44999999999999996,0.0725,0.0725,0.029,0.029,,,,,,,,,,
Noise,Linear,200,3,3,0.25,52,EMDT-DP,0.002597699989564717,0.7,0.475,0.525,0.5250000000000001,0.7,0.35,4.2,0.475,0.0,0.0,0.0,0.0,DP-OPTIMAL,48.0,48.0,0.0,0.0025902000052155927,160.0,88.0,1196.0,971.0,True
Noise,Linear,200,3,3,0.25,53,CART,0.0004341000021668151,0.65625,0.6,0.4,0.4,0.14285714285714285,0.6842105263157895,2.082706766917293,0.5864661654135339,0.095,0.095,0.035,0.035,,,,,,,,,,
Noise,Linear,200,3,3,0.25,53,EMDT-DP,0.0027094999968539923,0.65,0.675,0.325,0.32500000000000007,0.2857142857142857,0.3684210526315789,2.1654135338345863,0.6729323308270677,0.0,0.0,0.0,0.0,DP-OPTIMAL,56.0,56.0,0.0,0.0027020999987144023,160.0,93.0,1225.0,1000.0,True
Noise,Linear,200,3,3,0.25,54,CART,0.00043000000005122274,0.65,0.575,0.425,0.42500000000000004,0.2,0.65,2.3,0.5750000000000001,0.0,0.0,0.0,0.0,,,,,,,,,,
Noise,Linear,200,3,3,0.25,54,EMDT-DP,0.002716700008022599,0.65625,0.525,0.475,0.475,0.35,0.6,2.95,0.5249999999999999,0.0,0.0,0.0,0.0,DP-OPTIMAL,55.0,55.0,0.0,0.002708799991523847,160.0,95.0,1226.0,1001.0,True
Noise,Linear,200,3,3,0.25,55,CART,0.00045310000132303685,0.66875,0.575,0.425,0.425,0.7142857142857143,0.10526315789473684,3.7819548872180455,0.5902255639097744,0.0025,0.0025,0.0185,0.0185,,,,,,,,,,
Noise,Linear,200,3,3,0.25,55,EMDT-DP,0.0038361999904736876,0.64375,0.55,0.45,0.44999999999999996,0.47619047619047616,0.42105263157894735,3.2230576441102756,0.5513784461152882,0.0,0.0,0.0,0.0,DP-OPTIMAL,57.0,57.0,0.0,0.003819300007307902,160.0,98.0,1234.0,1009.0,True
Noise,Linear,200,3,3,0.25,56,CART,0.0004732999950647354,0.7375,0.65,0.35,0.35000000000000003,0.3,0.4,2.3,0.6499999999999999,0.003,0.003,0.0025,0.0025,,,,,,,,,,
Noise,Linear,200,3,3,0.25,56,EMDT-DP,0.002705000006244518,0.6875,0.625,0.375,0.375,0.3,0.45,2.4,0.625,0.0,0.0,0.0,0.0,DP-OPTIMAL,50.0,50.0,0.0,0.0026972000050591305,160.0,96.0,1228.0,1003.0,True
Noise,Linear,200,3,3,0.25,57,CART,0.00047339999582618475,0.75625,0.45,0.55,0.5499999999999999,0.5909090909090909,0.5,3.9545454545454546,0.4545454545454545,0.0325,0.0325,0.0435,0.0435,,,,,,,,,,
Noise,Linear,200,3,3,0.25,57,EMDT-DP,0.0025202999968314543,0.65625,0.45,0.55,0.5499999999999999,0.4090909090909091,0.7222222222222222,3.4898989898989896,0.43434343434343425,0.0,0.0,0.0,0.0,DP-OPTIMAL,55.0,55.0,0.0,0.0025120999926002696,160.0,83.0,1189.0,964.0,True
Noise,Linear,200,3,3,0.25,58,CART,0.0004410999972606078,0.65,0.5,0.5,0.5,0.2727272727272727,0.7777777777777778,2.919191919191919,0.47474747474747475,0.001,0.001,0.012,0.012,,,,,,,,,,
Noise,Linear,200,3,3,0.25,58,EMDT-DP,0.0027362999971956015,0.6375,0.625,0.375,0.375,0.2727272727272727,0.5,2.3636363636363633,0.6136363636363635,0.0,0.0,0.0,0.0,DP-OPTIMAL,58.0,58.0,0.0,0.002729300002101809,160.0,97.0,1224.0,999.0,True
Noise,Linear,200,3,3,0.25,59,CART,0.0004528999998001382,0.7125,0.725,0.275,0.275,0.4375,0.16666666666666666,2.5208333333333335,0.6979166666666667,0.052,0.052,0.0215,0.0215,,,,,,,,,,
Noise,Linear,200,3,3,0.25,59,EMDT-DP,0.002740799987805076,0.6625,0.65,0.35,0.3500000000000001,0.8125,0.041666666666666664,4.145833333333333,0.5729166666666667,0.0,0.0,0.0,0.0,DP-OPTIMAL,54.0,54.0,0.0,0.0027329000004101545,160.0,89.0,1198.0,973.0,True
Noise,Linear,200,3,3,0.25,60,CART,0.00042070000199601054,0.65625,0.475,0.525,0.525,0.2631578947368421,0.7619047619047619,2.8395989974937343,0.48746867167919805,0.0055,0.0055,0.0,0.0,,,,,,,,,,
Noise,Linear,200,3,3,0.25,60,EMDT-DP,0.0030673000001115724,0.625,0.55,0.45,0.44999999999999996,0.5263157894736842,0.38095238095238093,3.3934837092731827,0.5463659147869675,0.0,0.0,0.0,0.0,DP-OPTIMAL,60.0,60.0,0.0,0.0030583999905502424,160.0,89.0,1212.0,987.0,True
Noise,Linear,200,3,3,0.25,61,CART,0.00041680000140331686,0.71875,0.55,0.45,0.44999999999999996,0.3684210526315789,0.5238095238095238,2.889724310776942,0.5538847117794485,0.047,0.047,0.0325,0.0325,,,,,,,,,,
Noise,Linear,200,3,3,0.25,61,EMDT-DP,0.0031376999977510422,0.6375,0.625,0.375,0.375,0.10526315789473684,0.6190476190476191,1.7644110275689222,0.6378446115288221,0.0,0.0,0.0,0.0,DP-OPTIMAL,58.0,58.0,0.0,0.003130200013401918,160.0,95.0,1226.0,1001.0,True
Noise,Linear,200,3,3,0.25,62,CART,0.0004450999986147508,0.7,0.65,0.35,0.35000000000000003,0.2777777777777778,0.4090909090909091,2.207070707070707,0.6565656565656566,0.0,0.0,0.0,0.0,,,,,,,,,,
Noise,Linear,200,3,3,0.25,62,EMDT-DP,0.0030565000051865354,0.65625,0.65,0.35,0.35000000000000003,0.3333333333333333,0.36363636363636365,2.3939393939393936,0.6515151515151516,0.0,0.0,0.0,0.0,DP-OPTIMAL,55.0,55.0,0.0,0.0030476999963866547,160.0,88.0,1203.0,978.0,True
Noise,Linear,200,3,3,0.25,63,CART,0.00043420000292826444,0.725,0.725,0.275,0.275,0.3888888888888889,0.18181818181818182,2.308080808080808,0.7146464646464648,0.021,0.021,0.042,0.042,,,,,,,,,,
Noise,Linear,200,3,3,0.25,63,EMDT-DP,0.0034158999915234745,0.69375,0.75,0.25,0.25000000000000006,0.3888888888888889,0.13636363636363635,2.217171717171717,0.7373737373737375,0.0,0.0,0.0,0.0,DP-OPTIMAL,49.0,49.0,0.0,0.0034047000081045553,160.0,90.0,1227.0,1002.0,True
Noise,Linear,200,3,3,0.25,64,CART,0.000413799993111752,0.70625,0.625,0.375,0.37499999999999994,0.45,0.3,2.85,0.625,0.1065,0.1065,0.0575,0.0575,,,,,,,,,,
Noise,Linear,200,3,3,0.25,64,EMDT-DP,0.0028446999931475148,0.6375,0.65,0.35,0.35,0.35,0.35,2.45,0.65,0.0,0.0,0.0,0.0,DP-OPTIMAL,58.0,58.0,0.0,0.002838300002622418,160.0,94.0,1218.0,993.0,True
Noise,Linear,200,3,3,0.25,65,CART,0.00042039999971166253,0.71875,0.5,0.5,0.5,0.9444444444444444,0.13636363636363635,4.994949494949495,0.4595959595959596,0.0105,0.0105,0.0165,0.0165,,,,,,,,,,
Noise,Linear,200,3,3,0.25,65,EMDT-DP,0.002748700004303828,0.6625,0.5,0.5,0.5,0.7222222222222222,0.3181818181818182,4.247474747474747,0.4797979797979798,0.0,0.0,0.0,0.0,DP-OPTIMAL,54.0,54.0,0.0,0.0027411999908508733,160.0,90.0,1210.0,985.0,True
Noise,Linear,200,3,3,0.25,66,CART,0.00044299999717622995,0.6875,0.625,0.375,0.375,0.38095238095238093,0.3684210526315789,2.6416040100250626,0.62531328320802,0.0675,0.0675,0.072,0.072,,,,,,,,,,
Noise,Linear,200,3,3,0.25,66,EMDT-DP,0.002764499993645586,0.60625,0.625,0.375,0.375,0.3333333333333333,0.42105263157894735,2.508771929824561,0.6228070175438597,0.0,0.0,0.0,0.0,DP-OPTIMAL,63.0,63.0,0.0,0.0027574000123422593,160.0,91.0,1209.0,984.0,True
Noise,Linear,200,3,3,0.25,67,CART,0.00041710000368766487,0.7,0.575,0.425,0.42500000000000004,0.3333333333333333,0.5263157894736842,2.719298245614035,0.5701754385964912,0.1115,0.1115,0.0565,0.0565,,,,,,,,,,
Noise,Linear,200,3,3,0.25,67,EMDT-DP,0.0026627000042935833,0.6625,0.65,0.35,0.35,0.3333333333333333,0.3684210526315789,2.4035087719298245,0.6491228070175439,0.0,0.0,0.0,0.0,DP-OPTIMAL,54.0,54.0,0.0,0.0026550999900791794,160.0,87.0,1211.0,986.0,True
Noise,Linear,200,3,3,0.25,68,CART,0.0004327999922679737,0.66875,0.7,0.3,0.3,0.3684210526315789,0.23809523809523808,2.318295739348371,0.6967418546365914,0.1215,0.1215,0.06,0.06,,,,,,,,,,
Noise,Linear,200,3,3,0.25,68,EMDT-DP,0.0027335000049788505,0.625,0.6,0.4,0.39999999999999997,0.3157894736842105,0.47619047619047616,2.5313283208020048,0.6040100250626566,0.0,0.0,0.0,0.0,DP-OPTIMAL,60.0,60.0,0.0,0.002724799996940419,160.0,93.0,1215.0,990.0,True
Noise,Linear,200,3,3,0.25,69,CART,0.00042720000783447176,0.7375,0.675,0.325,0.32499999999999996,0.3,0.35,2.2,0.6749999999999999,0.012,0.012,0.001,0.001,,,,,,,,,,
Noise,Linear,200,3,3,0.25,69,EMDT-DP,0.0028024999919580296,0.66875,0.675,0.325,0.325,0.2,0.45,1.9,0.6750000000000002,0.0,0.0,0.0,0.0,DP-OPTIMAL,53.0,53.0,0.0,0.0027908000047318637,160.0,90.0,1212.0,987.0,True
Noise,Linear,200,3,3,0.25,70,CART,0.0004098000063095242,0.69375,0.7,0.3,0.3,0.5555555555555556,0.09090909090909091,2.9595959595959593,0.6767676767676768,0.0015,0.0015,0.0225,0.0225,,,,,,,,,,
Noise,Linear,200,3,3,0.25,70,EMDT-DP,0.002770900013274513,0.64375,0.75,0.25,0.24999999999999997,0.4444444444444444,0.09090909090909091,2.404040404040404,0.7323232323232324,0.0,0.0,0.0,0.0,DP-OPTIMAL,57.0,57.0,0.0,0.0027632999990601093,160.0,92.0,1219.0,994.0,True
Noise,Linear,200,3,3,0.25,71,CART,0.00042189999658148736,0.73125,0.5,0.5,0.5,0.5789473684210527,0.42857142857142855,3.7518796992481205,0.49624060150375937,0.0495,0.0495,0.017,0.017,,,,,,,,,,
Noise,Linear,200,3,3,0.25,71,EMDT-DP,0.0027977999998256564,0.7,0.65,0.35,0.35,0.47368421052631576,0.23809523809523808,2.844611528822055,0.6441102756892232,0.0,0.0,0.0,0.0,DP-OPTIMAL,48.0,48.0,0.0,0.002786999990348704,160.0,94.0,1228.0,1003.0,True
Noise,Polynomial,200,3,3,0.1,42,CART,0.00042019999818876386,0.7625,0.725,0.275,0.275,0.2857142857142857,0.2631578947368421,1.9548872180451125,0.7255639097744361,0.04,0.04,0.0185,0.0185,,,,,,,,,,
Noise,Polynomial,200,3,3,0.1,42,EMDT-DP,0.0027153000119142234,0.6875,0.675,0.325,0.32499999999999996,0.3333333333333333,0.3157894736842105,2.2982456140350873,0.6754385964912282,0.0,0.0,0.0,0.0,DP-OPTIMAL,50.0,50.0,0.0,0.0027089999930467457,160.0,95.0,1230.0,1005.0,True
Noise,Polynomial,200,3,3,0.1,43,CART,0.0004243000003043562,0.75,0.625,0.375,0.375,0.25,0.5,2.25,0.625,0.0185,0.0185,0.043,0.043,,,,,,,,,,
Noise,Polynomial,200,3,3,0.1,43,EMDT-DP,0.0027298000059090555,0.68125,0.55,0.45,0.44999999999999996,0.35,0.55,2.85,0.55,0.0,0.0,0.0,0.0,DP-OPTIMAL,51.0,51.0,0.0,0.0027223999932175502,160.0,95.0,1232.0,1007.0,True
Noise,Polynomial,200,3,3,0.1,44,CART,0.0004161000106250867,0.66875,0.575,0.425,0.425,0.15,0.7,2.15,0.575,0.016,0.016,0.0,0.0,,,,,,,,,,
Noise,Polynomial,200,3,3,0.1,44,EMDT-DP,0.0027196000010007992,0.64375,0.6,0.4,0.4,0.15,0.65,2.05,0.6,0.0,0.0,0.0,0.0,DP-OPTIMAL,57.0,57.0,0.0,0.002713099995162338,160.0,99.0,1228.0,1003.0,True
Noise,Polynomial,200,3,3,0.1,45,CART,0.00040699999954085797,0.73125,0.625,0.375,0.375,0.22727272727272727,0.5555555555555556,2.2474747474747474,0.6085858585858586,0.0185,0.0185,0.0175,0.0175,,,,,,,,,,
Noise,Polynomial,200,3,3,0.1,45,EMDT-DP,0.0033288999984506518,0.6625,0.5,0.5,0.5,0.2727272727272727,0.7777777777777778,2.919191919191919,0.47474747474747475,0.0,0.0,0.0,0.0,DP-OPTIMAL,54.0,54.0,0.0,0.0033213999995496124,160.0,92.0,1217.0,992.0,True
Noise,Polynomial,200,3,3,0.1,46,CART,0.0004262000002199784,0.6375,0.5,0.5,0.5,0.1,0.9,2.3,0.5,0.0,0.0,0.0,0.0,,,,,,,,,,
Noise,Polynomial,200,3,3,0.1,46,EMDT-DP,0.002594000005046837,0.6375,0.525,0.475,0.475,0.35,0.6,2.95,0.5249999999999999,0.0,0.0,0.0,0.0,DP-OPTIMAL,58.0,58.0,0.0,0.002587299997685477,160.0,90.0,1214.0,989.0,True
Noise,Polynomial,200,3,3,0.1,47,CART,0.0004081999941263348,0.73125,0.7,0.3,0.30000000000000004,0.21739130434782608,0.4117647058823529,1.9104859335038362,0.6854219948849105,0.092,0.092,0.0375,0.0375,,,,,,,,,,
Noise,Polynomial,200,3,3,0.1,47,EMDT-DP,0.002503600000636652,0.68125,0.7,0.3,0.30000000000000004,0.17391304347826086,0.47058823529411764,1.8107416879795397,0.6777493606138107,0.0,0.0,0.0,0.0,DP-OPTIMAL,51.0,51.0,0.0,0.002497399997082539,160.0,83.0,1190.0,965.0,True
Noise,Polynomial,200,3,3,0.1,48,CART,0.00041399999463465065,0.74375,0.65,0.35,0.35,0.25,0.45,2.15,0.65,0.038,0.038,0.041,0.041,,,,,,,,,,
Noise,Polynomial,200,3,3,0.1,48,EMDT-DP,0.0027263999945716932,0.6875,0.625,0.375,0.37499999999999994,0.45,0.3,2.85,0.625,0.0,0.0,0.0,0.0,DP-OPTIMAL,50.0,50.0,0.0,0.002720400007092394,160.0,94.0,1221.0,996.0,True
Noise,Polynomial,200,3,3,0.1,49,CART,0.0004120999947190285,0.73125,0.575,0.425,0.425,0.5294117647058824,0.34782608695652173,3.342710997442455,0.5613810741687979,0.0115,0.0115,0.0,0.0,,,,,,,,,,
Noise,Polynomial,200,3,3,0.1,49,EMDT-DP,0.00255430000834167,0.675,0.575,0.425,0.425,0.5882352941176471,0.30434782608695654,3.5498721227621486,0.5537084398976981,0.0,0.0,0.0,0.0,DP-OPTIMAL,52.0,52.0,0.0,0.0025480000040261075,160.0,90.0,1216.0,991.0,True
Noise,Polynomial,200,3,3,0.1,50,CART,0.00042389999725855887,0.65625,0.6,0.4,0.4,0.15789473684210525,0.6190476190476191,2.0275689223057647,0.6115288220551378,0.0,0.0,0.0,0.0,,,,,,,,,,
Noise,Polynomial,200,3,3,0.1,50,EMDT-DP,0.0026415999891469255,0.64375,0.475,0.525,0.525,0.7368421052631579,0.3333333333333333,4.350877192982456,0.4649122807017544,0.0,0.0,0.0,0.0,DP-OPTIMAL,57.0,57.0,0.0,0.0026338000025134534,160.0,88.0,1218.0,993.0,True
Noise,Polynomial,200,3,3,0.1,51,CART,0.0004256999964127317,0.7,0.525,0.475,0.4750000000000001,0.5263157894736842,0.42857142857142855,3.488721804511278,0.5225563909774436,0.1085,0.1085,0.0465,0.0465,,,,,,,,,,
Noise,Polynomial,200,3,3,0.1,51,EMDT-DP,0.0026870000001508743,0.6375,0.575,0.425,0.42500000000000004,0.5789473684210527,0.2857142857142857,3.466165413533835,0.5676691729323309,0.0,0.0,0.0,0.0,DP-OPTIMAL,58.0,58.0,0.0,0.002678300006664358,160.0,89.0,1204.0,979.0,True
Noise,Polynomial,200,3,3,0.1,52,CART,0.00043999998888466507,0.71875,0.55,0.45,0.45,0.5454545454545454,0.3333333333333333,3.3939393939393936,0.5606060606060606,0.0125,0.0125,0.01,0.01,,,,,,,,,,
Noise,Polynomial,200,3,3,0.1,52,EMDT-DP,0.0027630000113276765,0.6625,0.65,0.35,0.35000000000000003,0.5,0.16666666666666666,2.8333333333333335,0.6666666666666667,0.0,0.0,0.0,0.0,DP-OPTIMAL,54.0,54.0,0.0,0.0027542000025277957,160.0,89.0,1206.0,981.0,True
Noise,Polynomial,200,3,3,0.1,53,CART,0.00044350000098347664,0.65625,0.65,0.35,0.35000000000000003,0.1,0.6,1.7,0.65,0.0015,0.0015,0.01,0.01,,,,,,,,,,
Noise,Polynomial,200,3,3,0.1,53,EMDT-DP,0.002793099993141368,0.64375,0.6,0.4,0.4,0.5,0.3,3.1,0.6,0.0,0.0,0.0,0.0,DP-OPTIMAL,57.0,57.0,0.0,0.002785300006507896,160.0,96.0,1228.0,1003.0,True
Noise,Polynomial,200,3,3,0.1,54,CART,0.0004115000047022477,0.7,0.7,0.3,0.30000000000000004,0.35,0.25,2.25,0.7,0.0005,0.0005,0.0,0.0,,,,,,,,,,
Noise,Polynomial,200,3,3,0.1,54,EMDT-DP,0.0031490999972447753,0.64375,0.7,0.3,0.30000000000000004,0.4,0.2,2.4,0.7000000000000001,0.0,0.0,0.0,0.0,DP-OPTIMAL,57.0,57.0,0.0,0.0031402999884448946,160.0,93.0,1226.0,1001.0,True
Noise,Polynomial,200,3,3,0.1,55,CART,0.0006180000054882839,0.725,0.575,0.425,0.425,0.4,0.45,2.9,0.575,0.034,0.034,0.0155,0.0155,,,,,,,,,,
Noise,Polynomial,200,3,3,0.1,55,EMDT-DP,0.003337899994221516,0.69375,0.575,0.425,0.425,0.4,0.45,2.9,0.575,0.0,0.0,0.0,0.0,DP-OPTIMAL,49.0,49.0,0.0,0.003327700003865175,160.0,100.0,1220.0,995.0,True
Noise,Polynomial,200,3,3,0.1,56,CART,0.00046490000386256725,0.7625,0.65,0.35,0.35,0.23809523809523808,0.47368421052631576,2.137844611528822,0.644110275689223,0.0455,0.0455,0.01,0.01,,,,,,,,,,
Noise,Polynomial,200,3,3,0.1,56,EMDT-DP,0.0032085999991977587,0.70625,0.65,0.35,0.35,0.19047619047619047,0.5263157894736842,2.0050125313283207,0.6416040100250626,0.0,0.0,0.0,0.0,DP-OPTIMAL,47.0,47.0,0.0,0.0031986999965738505,160.0,98.0,1224.0,999.0,True
Noise,Polynomial,200,3,3,0.1,57,CART,0.0004425000079208985,0.7375,0.65,0.35,0.35,0.23809523809523808,0.47368421052631576,2.137844611528822,0.644110275689223,0.035,0.035,0.048,0.048,,,,,,,,,,
Noise,Polynomial,200,3,3,0.1,57,EMDT-DP,0.0030664000078104436,0.68125,0.7,0.3,0.30000000000000004,0.047619047619047616,0.5789473684210527,1.3959899749373434,0.6867167919799498,0.0,0.0,0.0,0.0,DP-OPTIMAL,51.0,51.0,0.0,0.0030562000029021874,160.0,84.0,1210.0,985.0,True
Noise,Polynomial,200,3,3,0.1,58,CART,0.00043899999582208693,0.775,0.675,0.325,0.32500000000000007,0.2608695652173913,0.4117647058823529,2.1278772378516626,0.6636828644501279,0.025,0.025,0.0345,0.0345,,,,,,,,,,
Noise,Polynomial,200,3,3,0.1,58,EMDT-DP,0.003192000003764406,0.71875,0.675,0.325,0.32499999999999996,0.30434782608695654,0.35294117647058826,2.2276214833759593,0.6713554987212276,0.0,0.0,0.0,0.0,DP-OPTIMAL,45.0,45.0,0.0,0.0031802000012248755,160.0,97.0,1216.0,991.0,True
Noise,Polynomial,200,3,3,0.1,59,CART,0.00042630000098142773,0.7625,0.475,0.525,0.525,0.375,0.625,3.125,0.5,0.102,0.102,0.0345,0.0345,,,,,,,,,,
Noise,Polynomial,200,3,3,0.1,59,EMDT-DP,0.0030304999963846058,0.7,0.525,0.475,0.475,0.625,0.375,3.875,0.5,0.0,0.0,0.0,0.0,DP-OPTIMAL,48.0,48.0,0.0,0.003020100004505366,160.0,96.0,1228.0,1003.0,True
Noise,Polynomial,200,3,3,0.1,60,CART,0.00043530001130420715,0.6375,0.475,0.525,0.525,1.0,0.09523809523809523,5.190476190476191,0.4523809523809524,0.035,0.035,0.0335,0.0335,,,,,,,,,,
Noise,Polynomial,200,3,3,0.1,60,EMDT-DP,0.002805099997203797,0.65,0.625,0.375,0.375,0.2631578947368421,0.47619047619047616,2.2681704260651627,0.6303258145363408,0.0,0.0,0.0,0.0,DP-OPTIMAL,56.0,56.0,0.0,0.002796700006001629,160.0,86.0,1216.0,991.0,True
Noise,Polynomial,200,3,3,0.1,61,CART,0.00047539999650325626,0.775,0.675,0.325,0.32499999999999996,0.4,0.25,2.5,0.675,0.026,0.026,0.0,0.0,,,,,,,,,,
Noise,Polynomial,200,3,3,0.1,61,EMDT-DP,0.002897400001529604,0.73125,0.65,0.35,0.35,0.4,0.3,2.6,0.65,0.0,0.0,0.0,0.0,DP-OPTIMAL,43.0,43.0,0.0,0.0028901000041514635,160.0,92.0,1220.0,995.0,True
Noise,Polynomial,200,3,3,0.1,62,CART,0.00041700000292621553,0.73125,0.65,0.35,0.3500000000000001,0.3888888888888889,0.3181818181818182,2.580808080808081,0.6464646464646464,0.043,0.043,0.0315,0.0315,,,,,,,,,,
Noise,Polynomial,200,3,3,0.1,62,EMDT-DP,0.002585700000054203,0.675,0.775,0.225,0.225,0.05555555555555555,0.36363636363636365,1.0050505050505052,0.7904040404040402,0.0,0.0,0.0,0.0,DP-OPTIMAL,52.0,52.0,0.0,0.0025784000026760623,160.0,84.0,1202.0,977.0,True
Noise,Polynomial,200,3,3,0.1,63,CART,0.0004062000080011785,0.79375,0.75,0.25,0.24999999999999997,0.2222222222222222,0.2727272727272727,1.6565656565656566,0.7525252525252525,0.0,0.0,0.0,0.0,,,,,,,,,,
Noise,Polynomial,200,3,3,0.1,63,EMDT-DP,0.0026913999899988994,0.74375,0.675,0.325,0.32499999999999996,0.3333333333333333,0.3181818181818182,2.3030303030303028,0.6742424242424243,0.0,0.0,0.0,0.0,DP-OPTIMAL,41.0,41.0,0.0,0.0026845999964280054,160.0,90.0,1214.0,989.0,True
Noise,Polynomial,200,3,3,0.1,64,CART,0.00041259999852627516,0.7625,0.8,0.2,0.19999999999999998,0.15,0.25,1.25,0.8,0.064,0.064,0.0,0.0,,,,,,,,,,
Noise,Polynomial,200,3,3,0.1,64,EMDT-DP,0.002791599996271543,0.6875,0.825,0.175,0.17500000000000004,0.15,0.2,1.15,0.825,0.0,0.0,0.0,0.0,DP-OPTIMAL,50.0,50.0,0.0,0.0027831000043079257,160.0,95.0,1216.0,991.0,True
Noise,Polynomial,200,3,3,0.1,65,CART,0.0004124000115552917,0.65,0.6,0.4,0.4,0.35,0.45,2.65,0.6000000000000001,0.006,0.006,0.007,0.007,,,,,,,,,,
Noise,Polynomial,200,3,3,0.1,65,EMDT-DP,0.0028507000097306445,0.625,0.6,0.4,0.4,0.15,0.65,2.05,0.6,0.0,0.0,0.0,0.0,DP-OPTIMAL,60.0,60.0,0.0,0.0028378999995766208,160.0,92.0,1211.0,986.0,True
Noise,Polynomial,200,3,3,0.1,66,CART,0.00041429999691899866,0.6375,0.55,0.45,0.45,0.045454545454545456,0.9444444444444444,2.116161616161616,0.5050505050505051,0.016,0.016,0.007,0.007,,,,,,,,,,
Noise,Polynomial,200,3,3,0.1,66,EMDT-DP,0.002677399999811314,0.63125,0.6,0.4,0.4,0.13636363636363635,0.7222222222222222,2.1262626262626263,0.5707070707070706,0.0,0.0,0.0,0.0,DP-OPTIMAL,59.0,59.0,0.0,0.002669399997103028,160.0,87.0,1208.0,983.0,True
Noise,Polynomial,200,3,3,0.1,67,CART,0.00041700000292621553,0.68125,0.625,0.375,0.375,0.35,0.4,2.55,0.625,0.014,0.014,0.0185,0.0185,,,,,,,,,,
Noise,Polynomial,200,3,3,0.1,67,EMDT-DP,0.0025817999994615093,0.65,0.625,0.375,0.375,0.35,0.4,2.55,0.625,0.0,0.0,0.0,0.0,DP-OPTIMAL,56.0,56.0,0.0,0.002575500009697862,160.0,90.0,1220.0,995.0,True
Noise,Polynomial,200,3,3,0.1,68,CART,0.00043059999006800354,0.7625,0.55,0.45,0.44999999999999996,0.4,0.5,3.0,0.5499999999999999,0.0305,0.0305,0.022,0.022,,,,,,,,,,
Noise,Polynomial,200,3,3,0.1,68,EMDT-DP,0.002595899990410544,0.65625,0.525,0.475,0.475,0.6,0.35,3.7,0.525,0.0,0.0,0.0,0.0,DP-OPTIMAL,55.0,55.0,0.0,0.0025896000006468967,160.0,89.0,1207.0,982.0,True
Noise,Polynomial,200,3,3,0.1,69,CART,0.00042719999328255653,0.73125,0.475,0.525,0.525,0.47619047619047616,0.5789473684210527,3.5388471177944862,0.4724310776942356,0.0,0.0,0.0,0.0,,,,,,,,,,
Noise,Polynomial,200,3,3,0.1,69,EMDT-DP,0.002747899998212233,0.68125,0.6,0.4,0.4,0.19047619047619047,0.631578947368421,2.215538847117794,0.5889724310776943,0.0,0.0,0.0,0.0,DP-OPTIMAL,51.0,51.0,0.0,0.0027383999986341223,160.0,93.0,1224.0,999.0,True
Noise,Polynomial,200,3,3,0.1,70,CART,0.00047810000251047313,0.75625,0.475,0.525,0.525,0.55,0.5,3.75,0.475,0.1855,0.1855,0.071,0.071,,,,,,,,,,
Noise,Polynomial,200,3,3,0.1,70,EMDT-DP,0.002817000000504777,0.7125,0.7,0.3,0.3,0.15,0.45,1.65,0.7,0.0,0.0,0.0,0.0,DP-OPTIMAL,46.0,46.0,0.0,0.0028097999893361703,160.0,93.0,1222.0,997.0,True
Noise,Polynomial,200,3,3,0.1,71,CART,0.0004334999975981191,0.71875,0.55,0.45,0.45,0.5909090909090909,0.2777777777777778,3.5101010101010104,0.5656565656565657,0.0415,0.0415,0.0125,0.0125,,,,,,,,,,
Noise,Polynomial,200,3,3,0.1,71,EMDT-DP,0.0026409000129206106,0.6625,0.775,0.225,0.22499999999999998,0.13636363636363635,0.3333333333333333,1.3484848484848484,0.765151515151515,0.0,0.0,0.0,0.0,DP-OPTIMAL,54.0,54.0,0.0,0.0026347999955760315,160.0,90.0,1226.0,1001.0,True
Noise,Polynomial,200,3,3,0.25,42,CART,0.000444800010882318,0.6625,0.55,0.45,0.45,0.25,0.65,2.55,0.55,0.1105,0.1105,0.042,0.042,,,,,,,,,,
Noise,Polynomial,200,3,3,0.25,42,EMDT-DP,0.002777900008368306,0.6125,0.625,0.375,0.375,0.35,0.4,2.55,0.625,0.0,0.0,0.0,0.0,DP-OPTIMAL,62.0,62.0,0.0,0.0027711000002454966,160.0,98.0,1226.0,1001.0,True
Noise,Polynomial,200,3,3,0.25,43,CART,0.00041259999852627516,0.66875,0.65,0.35,0.35,0.47619047619047616,0.21052631578947367,2.8020050125313283,0.6566416040100251,0.021,0.021,0.026,0.026,,,,,,,,,,
Noise,Polynomial,200,3,3,0.25,43,EMDT-DP,0.0030274000018835068,0.65,0.525,0.475,0.47500000000000003,0.3333333333333333,0.631578947368421,2.9298245614035086,0.5175438596491229,0.0,0.0,0.0,0.0,DP-OPTIMAL,56.0,56.0,0.0,0.0030150999955367297,160.0,93.0,1214.0,989.0,True
Noise,Polynomial,200,3,3,0.25,44,CART,0.00044710001384373754,0.65625,0.625,0.375,0.37500000000000006,0.631578947368421,0.14285714285714285,3.443609022556391,0.6127819548872181,0.0855,0.0855,0.047,0.047,,,,,,,,,,
Noise,Polynomial,200,3,3,0.25,44,EMDT-DP,0.002705300008528866,0.61875,0.55,0.45,0.45,0.8421052631578947,0.09523809523809523,4.401002506265664,0.531328320802005,0.0,0.0,0.0,0.0,DP-OPTIMAL,61.0,61.0,0.0,0.0026985000004060566,160.0,93.0,1228.0,1003.0,True
Noise,Polynomial,200,3,3,0.25,45,CART,0.00042949999624397606,0.63125,0.55,0.45,0.45000000000000007,0.4090909090909091,0.5,3.0454545454545454,0.5454545454545454,0.0095,0.0095,0.0,0.0,,,,,,,,,,
Noise,Polynomial,200,3,3,0.25,45,EMDT-DP,0.002772699997876771,0.65,0.65,0.35,0.35000000000000003,0.09090909090909091,0.6666666666666666,1.7878787878787878,0.6212121212121211,0.0,0.0,0.0,0.0,DP-OPTIMAL,56.0,56.0,0.0,0.0027658999897539616,160.0,97.0,1224.0,999.0,True
Noise,Polynomial,200,3,3,0.25,46,CART,0.00042240000038873404,0.66875,0.45,0.55,0.5499999999999999,0.45,0.65,3.55,0.45000000000000007,0.046,0.046,0.033,0.033,,,,,,,,,,
Noise,Polynomial,200,3,3,0.25,46,EMDT-DP,0.002686299994820729,0.61875,0.575,0.425,0.425,0.5,0.35,3.2,0.575,0.0,0.0,0.0,0.0,DP-OPTIMAL,61.0,61.0,0.0,0.0026776000013342127,160.0,91.0,1210.0,985.0,True
Noise,Polynomial,200,3,3,0.25,47,CART,0.0004604999994626269,0.70625,0.675,0.325,0.325,0.18181818181818182,0.5,1.9090909090909092,0.659090909090909,0.074,0.074,0.059,0.059,,,,,,,,,,
Noise,Polynomial,200,3,3,0.25,47,EMDT-DP,0.002889900002628565,0.625,0.6,0.4,0.4,0.18181818181818182,0.6666666666666666,2.242424242424242,0.5757575757575757,0.0,0.0,0.0,0.0,DP-OPTIMAL,60.0,60.0,0.0,0.002877300008549355,160.0,90.0,1199.0,974.0,True
Noise,Polynomial,200,3,3,0.25,48,CART,0.00039400000241585076,0.675,0.525,0.475,0.475,0.25,0.7,2.65,0.525,0.015,0.015,0.0145,0.0145,,,,,,,,,,
Noise,Polynomial,200,3,3,0.25,48,EMDT-DP,0.003400000001420267,0.6125,0.55,0.45,0.44999999999999996,0.4,0.5,3.0,0.5499999999999999,0.0,0.0,0.0,0.0,DP-OPTIMAL,62.0,62.0,0.0,0.0033857999951578677,160.0,96.0,1228.0,1003.0,True
Noise,Polynomial,200,3,3,0.25,49,CART,0.0004867999959969893,0.68125,0.575,0.425,0.42500000000000004,0.7647058823529411,0.17391304347826086,4.171355498721227,0.5306905370843991,0.0725,0.0725,0.0385,0.0385,,,,,,,,,,
Noise,Polynomial,200,3,3,0.25,49,EMDT-DP,0.0027348000003257766,0.625,0.675,0.325,0.325,0.35294117647058826,0.30434782608695654,2.373401534526854,0.6713554987212276,0.0,0.0,0.0,0.0,DP-OPTIMAL,60.0,60.0,0.0,0.002727500002947636,160.0,95.0,1224.0,999.0,True
Noise,Polynomial,200,3,3,0.25,50,CART,0.0004440000047907233,0.69375,0.55,0.45,0.45,0.47368421052631576,0.42857142857142855,3.225563909774436,0.5488721804511278,0.015,0.015,0.0165,0.0165,,,,,,,,,,
Noise,Polynomial,200,3,3,0.25,50,EMDT-DP,0.003069399986998178,0.5875,0.65,0.35,0.35,0.5263157894736842,0.19047619047619047,3.0125313283208017,0.6416040100250626,0.0,0.0,0.0,0.0,DP-OPTIMAL,66.0,66.0,0.0,0.003061900002649054,160.0,85.0,1205.0,980.0,True
Noise,Polynomial,200,3,3,0.25,51,CART,0.0004693999944720417,0.64375,0.575,0.425,0.425,0.15789473684210525,0.6666666666666666,2.1228070175438596,0.587719298245614,0.1415,0.1415,0.035,0.035,,,,,,,,,,
Noise,Polynomial,200,3,3,0.25,51,EMDT-DP,0.003907999998773448,0.58125,0.65,0.35,0.35,0.10526315789473684,0.5714285714285714,1.6691729323308269,0.6616541353383458,0.0,0.0,0.0,0.0,DP-OPTIMAL,67.0,67.0,0.0,0.003897800008417107,160.0,92.0,1209.0,984.0,True
Noise,Polynomial,200,3,3,0.25,52,CART,0.00043339999683666974,0.625,0.525,0.475,0.475,0.14285714285714285,0.8421052631578947,2.398496240601504,0.5075187969924813,0.0045,0.0045,0.006,0.006,,,,,,,,,,
Noise,Polynomial,200,3,3,0.25,52,EMDT-DP,0.0026381000061519444,0.60625,0.525,0.475,0.475,0.47619047619047616,0.47368421052631576,3.3283208020050123,0.525062656641604,0.0,0.0,0.0,0.0,DP-OPTIMAL,63.0,63.0,0.0,0.002631499999552034,160.0,87.0,1207.0,982.0,True
Noise,Polynomial,200,3,3,0.25,53,CART,0.0004285000031813979,0.64375,0.425,0.575,0.575,0.9047619047619048,0.21052631578947367,4.944862155388471,0.4423558897243108,0.1055,0.1055,0.0655,0.0655,,,,,,,,,,
Noise,Polynomial,200,3,3,0.25,53,EMDT-DP,0.002920400002039969,0.64375,0.55,0.45,0.45,0.2857142857142857,0.631578947368421,2.6917293233082704,0.5413533834586466,0.0,0.0,0.0,0.0,DP-OPTIMAL,57.0,57.0,0.0,0.00291060000017751,160.0,96.0,1232.0,1007.0,True
Noise,Polynomial,200,3,3,0.25,54,CART,0.0004374999989522621,0.71875,0.625,0.375,0.375,0.3,0.45,2.4,0.625,0.003,0.003,0.0105,0.0105,,,,,,,,,,
Noise,Polynomial,200,3,3,0.25,54,EMDT-DP,0.0029384999943431467,0.63125,0.6,0.4,0.4,0.45,0.35,2.95,0.6,0.0,0.0,0.0,0.0,DP-OPTIMAL,59.0,59.0,0.0,0.002931100010755472,160.0,95.0,1217.0,992.0,True
Noise,Polynomial,200,3,3,0.25,55,CART,0.000414399997680448,0.6625,0.525,0.475,0.475,0.42857142857142855,0.5263157894736842,3.1954887218045114,0.5225563909774436,0.118,0.118,0.041,0.041,,,,,,,,,,
Noise,Polynomial,200,3,3,0.25,55,EMDT-DP,0.0028793999954359606,0.625,0.575,0.425,0.425,0.42857142857142855,0.42105263157894735,2.9849624060150375,0.575187969924812,0.0,0.0,0.0,0.0,DP-OPTIMAL,60.0,60.0,0.0,0.0028719000110868365,160.0,97.0,1221.0,996.0,True
Noise,Polynomial,200,3,3,0.25,56,CART,0.0004025999951409176,0.74375,0.625,0.375,0.375,0.35,0.4,2.55,0.625,0.0475,0.0475,0.039,0.039,,,,,,,,,,
Noise,Polynomial,200,3,3,0.25,56,EMDT-DP,0.002824100010911934,0.6625,0.6,0.4,0.4,0.4,0.4,2.8,0.6,0.0,0.0,0.0,0.0,DP-OPTIMAL,54.0,54.0,0.0,0.0028117000038037077,160.0,91.0,1224.0,999.0,True
Noise,Polynomial,200,3,3,0.25,57,CART,0.0004140999953961,0.7125,0.475,0.525,0.5249999999999999,0.5454545454545454,0.5,3.727272727272727,0.4772727272727273,0.026,0.026,0.0365,0.0365,,,,,,,,,,
Noise,Polynomial,200,3,3,0.25,57,EMDT-DP,0.002651500006322749,0.6625,0.475,0.525,0.5249999999999999,0.4090909090909091,0.6666666666666666,3.378787878787879,0.46212121212121204,0.0,0.0,0.0,0.0,DP-OPTIMAL,54.0,54.0,0.0,0.0026431000005686656,160.0,88.0,1210.0,985.0,True
Noise,Polynomial,200,3,3,0.25,58,CART,0.0005504000000655651,0.7,0.55,0.45,0.45000000000000007,0.6,0.3,3.6,0.55,0.1605,0.1605,0.056,0.056,,,,,,,,,,
Noise,Polynomial,200,3,3,0.25,58,EMDT-DP,0.002784399999654852,0.6,0.725,0.275,0.275,0.1,0.45,1.4,0.725,0.0,0.0,0.0,0.0,DP-OPTIMAL,64.0,64.0,0.0,0.0027762999961851165,160.0,97.0,1231.0,1006.0,True
Noise,Polynomial,200,3,3,0.25,59,CART,0.0006731999892508611,0.73125,0.55,0.45,0.45000000000000007,0.6875,0.2916666666666667,4.020833333333333,0.5104166666666667,0.0635,0.0635,0.0605,0.0605,,,,,,,,,,
Noise,Polynomial,200,3,3,0.25,59,EMDT-DP,0.002711499997531064,0.675,0.55,0.45,0.44999999999999996,0.875,0.16666666666666666,4.708333333333333,0.47916666666666674,0.0,0.0,0.0,0.0,DP-OPTIMAL,52.0,52.0,0.0,0.002702300000237301,160.0,90.0,1212.0,987.0,True
Noise,Polynomial,200,3,3,0.25,60,CART,0.0004489999992074445,0.6875,0.525,0.475,0.47500000000000003,0.631578947368421,0.3333333333333333,3.824561403508772,0.5175438596491229,0.1245,0.1245,0.066,0.066,,,,,,,,,,
Noise,Polynomial,200,3,3,0.25,60,EMDT-DP,0.0030051000067032874,0.625,0.525,0.475,0.475,0.7368421052631579,0.23809523809523808,4.160401002506266,0.5125313283208021,0.0,0.0,0.0,0.0,DP-OPTIMAL,60.0,60.0,0.0,0.0029901999951107427,160.0,93.0,1230.0,1005.0,True
Noise,Polynomial,200,3,3,0.25,61,CART,0.0005748999974457547,0.75,0.525,0.475,0.475,0.5555555555555556,0.4090909090909091,3.595959595959596,0.5176767676767676,0.108,0.108,0.086,0.086,,,,,,,,,,
Noise,Polynomial,200,3,3,0.25,61,EMDT-DP,0.0027701000071829185,0.68125,0.6,0.4,0.4,0.3333333333333333,0.45454545454545453,2.5757575757575757,0.6060606060606062,0.0,0.0,0.0,0.0,DP-OPTIMAL,51.0,51.0,0.0,0.0027618999883998185,160.0,92.0,1220.0,995.0,True
Noise,Polynomial,200,3,3,0.25,62,CART,0.000411300003179349,0.7375,0.55,0.45,0.44999999999999996,0.6666666666666666,0.2727272727272727,3.8787878787878785,0.5303030303030303,0.1015,0.1015,0.102,0.102,,,,,,,,,,
Noise,Polynomial,200,3,3,0.25,62,EMDT-DP,0.003300099997431971,0.6625,0.65,0.35,0.35000000000000003,0.2777777777777778,0.4090909090909091,2.207070707070707,0.6565656565656566,0.0,0.0,0.0,0.0,DP-OPTIMAL,54.0,54.0,0.0,0.0032881999941309914,160.0,90.0,1220.0,995.0,True
Noise,Polynomial,200,3,3,0.25,63,CART,0.00044860001071356237,0.775,0.55,0.45,0.45,0.47368421052631576,0.42857142857142855,3.225563909774436,0.5488721804511278,0.0325,0.0325,0.0225,0.0225,,,,,,,,,,
Noise,Polynomial,200,3,3,0.25,63,EMDT-DP,0.0026375000015832484,0.7125,0.525,0.475,0.475,0.3157894736842105,0.6190476190476191,2.817042606516291,0.5325814536340852,0.0,0.0,0.0,0.0,DP-OPTIMAL,46.0,46.0,0.0,0.0026304999919375405,160.0,88.0,1214.0,989.0,True
Noise,Polynomial,200,3,3,0.25,64,CART,0.0004209000035189092,0.61875,0.475,0.525,0.5249999999999999,0.9,0.15,4.8,0.475,0.002,0.002,0.0055,0.0055,,,,,,,,,,
Noise,Polynomial,200,3,3,0.25,64,EMDT-DP,0.0026818000042112544,0.625,0.6,0.4,0.4,0.35,0.45,2.65,0.6000000000000001,0.0,0.0,0.0,0.0,DP-OPTIMAL,60.0,60.0,0.0,0.002675199997611344,160.0,94.0,1219.0,994.0,True
Noise,Polynomial,200,3,3,0.25,65,CART,0.00042209999810438603,0.65625,0.525,0.475,0.475,0.5,0.45,3.4,0.525,0.207,0.207,0.0555,0.0555,,,,,,,,,,
Noise,Polynomial,200,3,3,0.25,65,EMDT-DP,0.0028784000023733824,0.625,0.525,0.475,0.475,0.55,0.4,3.55,0.525,0.0,0.0,0.0,0.0,DP-OPTIMAL,60.0,60.0,0.0,0.0028679999959422275,160.0,94.0,1214.0,989.0,True
Noise,Polynomial,200,3,3,0.25,66,CART,0.0004099999932805076,0.625,0.425,0.575,0.575,0.85,0.3,4.85,0.425,0.0505,0.0505,0.043,0.043,,,,,,,,,,
Noise,Polynomial,200,3,3,0.25,66,EMDT-DP,0.002698999989661388,0.58125,0.575,0.425,0.42500000000000004,0.45,0.4,3.05,0.5750000000000001,0.0,0.0,0.0,0.0,DP-OPTIMAL,67.0,67.0,0.0,0.00269280000065919,160.0,93.0,1219.0,994.0,True
Noise,Polynomial,200,3,3,0.25,67,CART,0.0006309000018518418,0.61875,0.475,0.525,0.525,0.23809523809523808,0.8421052631578947,2.87468671679198,0.4598997493734336,0.1875,0.1875,0.0425,0.0425,,,,,,,,,,
Noise,Polynomial,200,3,3,0.25,67,EMDT-DP,0.0029365000082179904,0.60625,0.55,0.45,0.44999999999999996,0.14285714285714285,0.7894736842105263,2.2932330827067666,0.5338345864661654,0.0,0.0,0.0,0.0,DP-OPTIMAL,63.0,63.0,0.0,0.0029273999971337616,160.0,86.0,1213.0,988.0,True
Noise,Polynomial,200,3,3,0.25,68,CART,0.0004636000085156411,0.675,0.525,0.475,0.475,0.23809523809523808,0.7368421052631579,2.664160401002506,0.512531328320802,0.0025,0.0025,0.006,0.006,,,,,,,,,,
Noise,Polynomial,200,3,3,0.25,68,EMDT-DP,0.002907799993408844,0.6125,0.525,0.475,0.47500000000000003,0.3333333333333333,0.631578947368421,2.9298245614035086,0.5175438596491229,0.0,0.0,0.0,0.0,DP-OPTIMAL,62.0,62.0,0.0,0.0028972000000067055,160.0,93.0,1210.0,985.0,True
Noise,Polynomial,200,3,3,0.25,69,CART,0.0004486999969230965,0.69375,0.65,0.35,0.35,0.14285714285714285,0.5789473684210527,1.8721804511278195,0.6390977443609023,0.052,0.052,0.0485,0.0485,,,,,,,,,,
Noise,Polynomial,200,3,3,0.25,69,EMDT-DP,0.003284600010374561,0.6125,0.575,0.425,0.425,0.23809523809523808,0.631578947368421,2.4536340852130323,0.5651629072681704,0.0,0.0,0.0,0.0,DP-OPTIMAL,62.0,62.0,0.0,0.003276000003097579,160.0,89.0,1204.0,979.0,True
Noise,Polynomial,200,3,3,0.25,70,CART,0.00042389999725855887,0.725,0.6,0.4,0.3999999999999999,0.47368421052631576,0.3333333333333333,3.0350877192982453,0.5964912280701755,0.106,0.106,0.041,0.041,,,,,,,,,,
Noise,Polynomial,200,3,3,0.25,70,EMDT-DP,0.0031168999994406477,0.6375,0.725,0.275,0.275,0.15789473684210525,0.38095238095238093,1.5513784461152882,0.7305764411027569,0.0,0.0,0.0,0.0,DP-OPTIMAL,58.0,58.0,0.0,0.003108699995209463,160.0,95.0,1229.0,1004.0,True
Noise,Polynomial,200,3,3,0.25,71,CART,0.0005597000126726925,0.68125,0.525,0.475,0.475,0.15,0.8,2.35,0.525,0.007,0.007,0.011,0.011,,,,,,,,,,
Noise,Polynomial,200,3,3,0.25,71,EMDT-DP,0.002875499994843267,0.65,0.675,0.325,0.325,0.35,0.3,2.35,0.6749999999999999,0.0,0.0,0.0,0.0,DP-OPTIMAL,56.0,56.0,0.0,0.0028655000060098246,160.0,94.0,1223.0,998.0,True
Size,Linear,100,3,3,0.1,42,CART,0.00041200000850949436,0.775,0.55,0.45,0.45000000000000007,0.3,0.6,2.7,0.5499999999999999,0.0335,0.0335,0.0145,0.0145,,,,,,,,,,
Size,Linear,100,3,3,0.1,42,EMDT-DP,0.0025351000076625496,0.7,0.65,0.35,0.35,0.2,0.5,2.0,0.6500000000000001,0.0,0.0,0.0,0.0,DP-OPTIMAL,24.0,24.0,0.0,0.002526699987356551,80.0,59.0,1123.0,898.0,True
Size,Linear,100,3,3,0.1,43,CART,0.00042180001037195325,0.85,0.55,0.45,0.44999999999999996,0.5555555555555556,0.36363636363636365,3.505050505050505,0.5404040404040403,0.0785,0.0785,0.0425,0.0425,,,,,,,,,,
Size,Linear,100,3,3,0.1,43,EMDT-DP,0.002174699999159202,0.775,0.65,0.35,0.35000000000000003,0.3333333333333333,0.36363636363636365,2.3939393939393936,0.6515151515151516,0.0,0.0,0.0,0.0,DP-OPTIMAL,18.0,18.0,0.0,0.002166999998735264,80.0,56.0,1084.0,862.0,True
Size,Linear,100,3,3,0.1,44,CART,0.0004141000099480152,0.825,0.5,0.5,0.5,0.7777777777777778,0.2727272727272727,4.434343434343434,0.4747474747474747,0.0335,0.0335,0.0165,0.0165,,,,,,,,,,
Size,Linear,100,3,3,0.1,44,EMDT-DP,0.0023613000084878877,0.75,0.65,0.35,0.3499999999999999,0.5555555555555556,0.18181818181818182,3.1414141414141414,0.6313131313131313,0.0,0.0,0.0,0.0,DP-OPTIMAL,20.0,20.0,0.0,0.0023539999965578318,80.0,61.0,1123.0,898.0,True
Size,Linear,100,3,3,0.1,45,CART,0.00041360000614076853,0.7625,0.5,0.5,0.5,0.6666666666666666,0.36363636363636365,4.0606060606060606,0.48484848484848486,0.161,0.161,0.047,0.047,,,,,,,,,,
Size,Linear,100,3,3,0.1,45,EMDT-DP,0.0023456000053556636,0.725,0.65,0.35,0.35000000000000003,0.4444444444444444,0.2727272727272727,2.7676767676767677,0.6414141414141414,0.0,0.0,0.0,0.0,DP-OPTIMAL,22.0,22.0,0.0,0.0023376000026473776,80.0,65.0,1131.0,908.0,True
Size,Linear,100,3,3,0.1,46,CART,0.0004996000061510131,0.8,0.7,0.3,0.30000000000000004,0.15384615384615385,0.5714285714285714,1.912087912087912,0.6373626373626373,0.0135,0.0135,0.0,0.0,,,,,,,,,,
Size,Linear,100,3,3,0.1,46,EMDT-DP,0.0022746000031474978,0.75,0.75,0.25,0.25,0.0,0.7142857142857143,1.4285714285714286,0.6428571428571428,0.0,0.0,0.0,0.0,DP-OPTIMAL,20.0,20.0,0.0,0.002267000003485009,80.0,60.0,1098.0,877.0,True
Size,Linear,1000,3,3,0.1,42,CART,0.0007238000107463449,0.70125,0.645,0.355,0.355,0.4752475247524752,0.23232323232323232,2.8408840884088407,0.6462146214621463,0.0,0.0,0.0,0.0,,,,,,,,,,
Size,Linear,1000,3,3,0.1,42,EMDT-DP,0.0037991999997757375,0.67125,0.68,0.32,0.32,0.3465346534653465,0.29292929292929293,2.318531853185318,0.6802680268026804,0.0,0.0,0.0,0.0,DP-OPTIMAL,263.0,263.0,0.0,0.0037903000047663227,800.0,123.0,1258.0,1033.0,True
Size,Linear,1000,3,3,0.1,43,CART,0.000701400000252761,0.71,0.6,0.4,0.4,0.4897959183673469,0.3137254901960784,3.0764305722288916,0.5982392957182873,0.0,0.0,0.0,0.0,,,,,,,,,,
Size,Linear,1000,3,3,0.1,43,EMDT-DP,0.0039477999962400645,0.69625,0.62,0.38,0.38,0.5204081632653061,0.24509803921568626,3.092236894757903,0.6172468987595038,0.0,0.0,0.0,0.0,DP-OPTIMAL,243.0,243.0,0.0,0.003939400005037896,800.0,125.0,1260.0,1035.0,True
Size,Linear,1000,3,3,0.1,44,CART,0.0008497999951941893,0.7025,0.62,0.38,0.38,0.4215686274509804,0.336734693877551,2.781312525010004,0.6208483393357342,0.0,0.0,0.0,0.0,,,,,,,,,,
Size,Linear,1000,3,3,0.1,44,EMDT-DP,0.003864199999952689,0.66875,0.635,0.365,0.365,0.3431372549019608,0.3877551020408163,2.4911964785914367,0.6345538215286114,0.0,0.0,0.0,0.0,DP-OPTIMAL,265.0,265.0,0.0,0.0038548999873455614,800.0,125.0,1260.0,1035.0,True
Size,Linear,1000,3,3,0.1,45,CART,0.0006830000056652352,0.705,0.685,0.315,0.31500000000000006,0.3076923076923077,0.3229166666666667,2.184294871794872,0.6846955128205128,0.0,0.0,0.0,0.0,,,,,,,,,,
Size,Linear,1000,3,3,0.1,45,EMDT-DP,0.004193199987639673,0.6975,0.665,0.335,0.335,0.28846153846153844,0.3854166666666667,2.2131410256410255,0.6630608974358976,0.0,0.0,0.0,0.0,DP-OPTIMAL,242.0,242.0,0.0,0.004181800002697855,800.0,125.0,1260.0,1035.0,True
Size,Linear,1000,3,3,0.1,46,CART,0.0007660999981453642,0.70375,0.655,0.345,0.345,0.43434343434343436,0.25742574257425743,2.6865686568656866,0.654115411541154,0.0,0.0,0.0,0.0,,,,,,,,,,
Size,Linear,1000,3,3,0.1,46,EMDT-DP,0.0038444999954663217,0.675,0.59,0.41,0.41000000000000003,0.42424242424242425,0.39603960396039606,2.913291329132913,0.5898589858985899,0.0,0.0,0.0,0.0,DP-OPTIMAL,260.0,260.0,0.0,0.0038335999997798353,800.0,125.0,1260.0,1035.0,True
Size,Linear,10000,3,3,0.1,42,CART,0.004477800001041032,0.684375,0.673,0.327,0.32699999999999996,0.41372351160444,0.24182358771060455,2.5522647334434088,0.6722264503424777,0.0,0.0,0.0,0.0,,,,,,,,,,
Size,Linear,10000,3,3,0.1,42,EMDT-DP,0.01218319998588413,0.66,0.646,0.354,0.354,0.35317860746720486,0.354806739345887,2.4755065160277985,0.646007326593454,0.0,0.0,0.0,0.0,DP-OPTIMAL,2720.0,2720.0,0.0,0.01217440000618808,8000.0,125.0,1260.0,1035.0,True
Size,Linear,10000,3,3,0.1,43,CART,0.004552400001557544,0.67675,0.6605,0.3395,0.33949999999999997,0.39068825910931176,0.28952569169960474,2.5324926789457685,0.6598930245955418,0.0,0.0,0.0,0.0,,,,,,,,,,
Size,Linear,10000,3,3,0.1,43,EMDT-DP,0.011746699994546361,0.655125,0.655,0.345,0.345,0.4483805668016194,0.2440711462450593,2.7300451264982155,0.6537741434766606,0.0,0.0,0.0,0.0,DP-OPTIMAL,2759.0,2759.0,0.0,0.011736100001144223,8000.0,125.0,1260.0,1035.0,True
Size,Linear,10000,3,3,0.1,44,CART,0.004635799996322021,0.673625,0.66,0.34,0.33999999999999997,0.3346613545816733,0.3453815261044177,2.364069825117202,0.6599785596569546,0.0,0.0,0.0,0.0,,,,,,,,,,
Size,Linear,10000,3,3,0.1,44,EMDT-DP,0.01212179999856744,0.656125,0.6445,0.3555,0.3555,0.3665338645418327,0.34437751004016065,2.521424342789485,0.6445443127090034,0.0,0.0,0.0,0.0,DP-OPTIMAL,2751.0,2751.0,0.0,0.012107600006856956,8000.0,125.0,1260.0,1035.0,True
Size,Linear,10000,3,3,0.1,45,CART,0.004680199999711476,0.68075,0.6815,0.3185,0.31849999999999995,0.30220883534136544,0.3346613545816733,2.180366885870174,0.6815649050384806,0.0,0.0,0.0,0.0,,,,,,,,,,
Size,Linear,10000,3,3,0.1,45,EMDT-DP,0.012600000001839362,0.66225,0.6665,0.3335,0.3335,0.3232931726907631,0.3436254980079681,2.3037168594697515,0.6665406646506344,0.0,0.0,0.0,0.0,DP-OPTIMAL,2702.0,2702.0,0.0,0.012588900004629977,8000.0,125.0,1260.0,1035.0,True
Size,Linear,10000,3,3,0.1,46,CART,0.005063699994934723,0.680375,0.6565,0.3435,0.34349999999999997,0.28,0.41025641025641024,2.2205128205128206,0.6548717948717948,0.0,0.0,0.0,0.0,,,,,,,,,,
Size,Linear,10000,3,3,0.1,46,EMDT-DP,0.011995299995760433,0.657125,0.6555,0.3445,0.34450000000000003,0.21951219512195122,0.4758974358974359,2.049355847404628,0.6522951844903064,0.0,0.0,0.0,0.0,DP-OPTIMAL,2743.0,2743.0,0.0,0.01198550000844989,8000.0,125.0,1260.0,1035.0,True
Depth,Linear,1000,3,1,0.1,42,CART,0.0005305999948177487,0.635,0.64,0.36,0.36,0.48514851485148514,0.23232323232323232,2.89038903890389,0.6412641264126413,0.0,0.0,0.0,0.0,,,,,,,,,,
Depth,Linear,1000,3,1,0.1,42,EMDT-DP,0.0011051000037696213,0.62,0.63,0.37,0.37000000000000005,0.5742574257425742,0.16161616161616163,3.1945194519451943,0.6320632063206321,0.0,0.0,0.0,0.0,DP-OPTIMAL,304.0,304.0,0.0,0.001098299995646812,800.0,123.0,25.0,25.0,True
Depth,Linear,1000,3,1,0.1,43,CART,0.0005290999979479238,0.625,0.595,0.405,0.405,0.7142857142857143,0.10784313725490197,3.7871148459383757,0.5889355742296919,0.0,0.0,0.0,0.0,,,,,,,,,,
Depth,Linear,1000,3,1,0.1,43,EMDT-DP,0.0011300999904051423,0.63125,0.59,0.41,0.41000000000000003,0.2755102040816326,0.5392156862745098,2.455982392957183,0.5926370548219287,0.0,0.0,0.0,0.0,DP-OPTIMAL,295.0,295.0,0.0,0.001123499998357147,800.0,125.0,25.0,25.0,True
Depth,Linear,1000,3,1,0.1,44,CART,0.0005177999992156401,0.62,0.605,0.395,0.395,0.5490196078431373,0.23469387755102042,3.214485794317727,0.6081432573029212,0.0,0.0,0.0,0.0,,,,,,,,,,
Depth,Linear,1000,3,1,0.1,44,EMDT-DP,0.001153399993199855,0.6125,0.61,0.39,0.39,0.5294117647058824,0.24489795918367346,3.1368547418967587,0.6128451380552221,0.0,0.0,0.0,0.0,DP-OPTIMAL,310.0,310.0,0.0,0.0011457999935373664,800.0,125.0,25.0,25.0,True
Depth,Linear,1000,3,1,0.1,45,CART,0.0005003000114811584,0.6375,0.64,0.36,0.36,0.3942307692307692,0.3229166666666667,2.6169871794871793,0.6414262820512822,0.0,0.0,0.0,0.0,,,,,,,,,,
Depth,Linear,1000,3,1,0.1,45,EMDT-DP,0.0010936000035144389,0.63375,0.645,0.355,0.35500000000000004,0.3942307692307692,0.3125,2.596153846153846,0.6466346153846154,0.0,0.0,0.0,0.0,DP-OPTIMAL,293.0,293.0,0.0,0.0010870999976759776,800.0,125.0,25.0,25.0,True
Depth,Linear,1000,3,1,0.1,46,CART,0.0005035999929532409,0.63875,0.615,0.385,0.385,0.494949494949495,0.27722772277227725,3.0292029202920294,0.6139113911391139,0.0,0.0,0.0,0.0,,,,,,,,,,
Depth,Linear,1000,3,1,0.1,46,EMDT-DP,0.0011565000022528693,0.6275,0.58,0.42,0.42,0.5959595959595959,0.24752475247524752,3.4748474847484747,0.5782578257825783,0.0,0.0,0.0,0.0,DP-OPTIMAL,298.0,298.0,0.0,0.001150200012489222,800.0,125.0,25.0,25.0,True
Depth,Linear,1000,3,2,0.1,42,CART,0.0005818000063300133,0.64875,0.685,0.315,0.315,0.22772277227722773,0.40404040404040403,1.9466946694669467,0.6841184118411842,0.0,0.0,0.0,0.0,,,,,,,,,,
Depth,Linear,1000,3,2,0.1,42,EMDT-DP,0.0018606999947223812,0.64875,0.655,0.345,0.345,0.5247524752475248,0.16161616161616163,2.946994699469947,0.6568156815681567,0.0,0.0,0.0,0.0,DP-OPTIMAL,281.0,281.0,0.0,0.0018519000004744157,800.0,123.0,253.0,235.0,True
Depth,Linear,1000,3,2,0.1,43,CART,0.0005554999952437356,0.62875,0.58,0.42,0.42000000000000004,0.20408163265306123,0.6274509803921569,2.2753101240496196,0.5842336934773908,0.0,0.0,0.0,0.0,,,,,,,,,,
Depth,Linear,1000,3,2,0.1,43,EMDT-DP,0.0017683999903965741,0.66375,0.62,0.38,0.38,0.37755102040816324,0.38235294117647056,2.652460984393757,0.6200480192076832,0.0,0.0,0.0,0.0,DP-OPTIMAL,269.0,269.0,0.0,0.0017625000036787242,800.0,125.0,253.0,235.0,True
Depth,Linear,1000,3,2,0.1,44,CART,0.0005838000070070848,0.62625,0.56,0.44,0.44,0.24509803921568626,0.6428571428571429,2.511204481792717,0.5560224089635855,0.018,0.018,0.019,0.019,,,,,,,,,,
Depth,Linear,1000,3,2,0.1,44,EMDT-DP,0.0019748000049730763,0.63375,0.615,0.385,0.385,0.4215686274509804,0.3469387755102041,2.80172068827531,0.6157462985194077,0.0,0.0,0.0,0.0,DP-OPTIMAL,293.0,293.0,0.0,0.0019650999893201515,800.0,125.0,253.0,235.0,True
Depth,Linear,1000,3,2,0.1,45,CART,0.0007202999986475334,0.68375,0.655,0.345,0.345,0.28846153846153844,0.40625,2.254807692307692,0.6526442307692308,0.0,0.0,0.0,0.0,,,,,,,,,,
Depth,Linear,1000,3,2,0.1,45,EMDT-DP,0.0018077000131597742,0.68,0.66,0.34,0.34,0.2692307692307692,0.4166666666666667,2.1794871794871793,0.6570512820512822,0.0,0.0,0.0,0.0,DP-OPTIMAL,256.0,256.0,0.0,0.0018005000019911677,800.0,125.0,253.0,235.0,True
Depth,Linear,1000,3,2,0.1,46,CART,0.0006683999963570386,0.6525,0.67,0.33,0.33,0.2727272727272727,0.38613861386138615,2.135913591359136,0.6705670567056706,0.0,0.0,0.0,0.0,,,,,,,,,,
Depth,Linear,1000,3,2,0.1,46,EMDT-DP,0.0018398999964119866,0.655,0.635,0.365,0.36499999999999994,0.43434343434343436,0.297029702970297,2.765776577657766,0.6343134313431342,0.0,0.0,0.0,0.0,DP-OPTIMAL,276.0,276.0,0.0,0.001833200003602542,800.0,125.0,253.0,235.0,True
Depth,Linear,1000,3,3,0.1,42,CART,0.0006911000091349706,0.70125,0.645,0.355,0.355,0.4752475247524752,0.23232323232323232,2.8408840884088407,0.6462146214621463,0.0,0.0,0.0,0.0,,,,,,,,,,
Depth,Linear,1000,3,3,0.1,42,EMDT-DP,0.003702400004840456,0.67125,0.68,0.32,0.32,0.3465346534653465,0.29292929292929293,2.318531853185318,0.6802680268026804,0.0,0.0,0.0,0.0,DP-OPTIMAL,263.0,263.0,0.0,0.003692999991471879,800.0,123.0,1258.0,1033.0,True
Depth,Linear,1000,3,3,0.1,43,CART,0.0007605000137118623,0.71,0.6,0.4,0.4,0.4897959183673469,0.3137254901960784,3.0764305722288916,0.5982392957182873,0.0,0.0,0.0,0.0,,,,,,,,,,
Depth,Linear,1000,3,3,0.1,43,EMDT-DP,0.003981499990914017,0.69625,0.62,0.38,0.38,0.5204081632653061,0.24509803921568626,3.092236894757903,0.6172468987595038,0.0,0.0,0.0,0.0,DP-OPTIMAL,243.0,243.0,0.0,0.003968699995311908,800.0,125.0,1260.0,1035.0,True
Depth,Linear,1000,3,3,0.1,44,CART,0.0008463999984087422,0.7025,0.62,0.38,0.38,0.4215686274509804,0.336734693877551,2.781312525010004,0.6208483393357342,0.0,0.0,0.0,0.0,,,,,,,,,,
Depth,Linear,1000,3,3,0.1,44,EMDT-DP,0.003765200002817437,0.66875,0.635,0.365,0.365,0.3431372549019608,0.3877551020408163,2.4911964785914367,0.6345538215286114,0.0,0.0,0.0,0.0,DP-OPTIMAL,265.0,265.0,0.0,0.003757200000109151,800.0,125.0,1260.0,1035.0,True
Depth,Linear,1000,3,3,0.1,45,CART,0.0006809000042267144,0.705,0.685,0.315,0.31500000000000006,0.3076923076923077,0.3229166666666667,2.184294871794872,0.6846955128205128,0.0,0.0,0.0,0.0,,,,,,,,,,
Depth,Linear,1000,3,3,0.1,45,EMDT-DP,0.0037918000016361475,0.6975,0.665,0.335,0.335,0.28846153846153844,0.3854166666666667,2.2131410256410255,0.6630608974358976,0.0,0.0,0.0,0.0,DP-OPTIMAL,242.0,242.0,0.0,0.0037815999967278913,800.0,125.0,1260.0,1035.0,True
Depth,Linear,1000,3,3,0.1,46,CART,0.0006864000024506822,0.70375,0.655,0.345,0.345,0.43434343434343436,0.25742574257425743,2.6865686568656866,0.654115411541154,0.0,0.0,0.0,0.0,,,,,,,,,,
Depth,Linear,1000,3,3,0.1,46,EMDT-DP,0.004166700004134327,0.675,0.59,0.41,0.41000000000000003,0.42424242424242425,0.39603960396039606,2.913291329132913,0.5898589858985899,0.0,0.0,0.0,0.0,DP-OPTIMAL,260.0,260.0,0.0,0.004157799994572997,800.0,125.0,1260.0,1035.0,True
Depth,Linear,1000,3,4,0.1,42,CART,0.0007688000041525811,0.73,0.65,0.35,0.35,0.43564356435643564,0.26262626262626265,2.7034703470347035,0.6508650865086509,0.001,0.001,0.0035,0.0035,,,,,,,,,,
Depth,Linear,1000,3,4,0.1,42,EMDT-DP,0.008580499998060986,0.68,0.67,0.33,0.33,0.40594059405940597,0.25252525252525254,2.534753475347535,0.6707670767076708,0.0,0.0,0.0,0.0,DP-OPTIMAL,256.0,256.0,0.0,0.008565699987229891,800.0,123.0,3458.0,2284.0,True
Depth,Linear,1000,3,4,0.1,43,CART,0.0008034000056795776,0.73375,0.585,0.415,0.415,0.30612244897959184,0.5196078431372549,2.569827931172469,0.5871348539415766,0.0065,0.0065,0.016,0.016,,,,,,,,,,
Depth,Linear,1000,3,4,0.1,43,EMDT-DP,0.008049199997913092,0.7175,0.635,0.365,0.365,0.3163265306122449,0.4117647058823529,2.40516206482593,0.6359543817527011,0.0,0.0,0.0,0.0,DP-OPTIMAL,226.0,226.0,0.0,0.008038999993004836,800.0,125.0,3471.0,2295.0,True
Depth,Linear,1000,3,4,0.1,44,CART,0.0008022999973036349,0.71625,0.625,0.375,0.375,0.39215686274509803,0.35714285714285715,2.6750700280112043,0.6253501400560224,0.0045,0.0045,0.0025,0.0025,,,,,,,,,,
Depth,Linear,1000,3,4,0.1,44,EMDT-DP,0.008183600002666935,0.685,0.595,0.405,0.40499999999999997,0.49019607843137253,0.3163265306122449,3.0836334533813523,0.5967386954781913,0.0,0.0,0.0,0.0,DP-OPTIMAL,252.0,252.0,0.0,0.008170499990228564,800.0,125.0,3471.0,2295.0,True
Depth,Linear,1000,3,4,0.1,45,CART,0.0009703999967314303,0.7375,0.635,0.365,0.365,0.25961538461538464,0.4791666666666667,2.2564102564102564,0.6306089743589745,0.0005,0.0005,0.0,0.0,,,,,,,,,,
Depth,Linear,1000,3,4,0.1,45,EMDT-DP,0.007957200010423549,0.7025,0.685,0.315,0.31499999999999995,0.3269230769230769,0.3020833333333333,2.238782051282051,0.6854967948717948,0.0,0.0,0.0,0.0,DP-OPTIMAL,238.0,238.0,0.0,0.007942199998069555,800.0,125.0,3471.0,2295.0,True
Depth,Linear,1000,3,4,0.1,46,CART,0.0008296000014524907,0.725,0.625,0.375,0.375,0.41414141414141414,0.33663366336633666,2.7439743974397444,0.6246124612461247,0.0,0.0,0.0005,0.0005,,,,,,,,,,
Depth,Linear,1000,3,4,0.1,46,EMDT-DP,0.007704400006332435,0.685,0.595,0.405,0.405,0.36363636363636365,0.44554455445544555,2.7092709270927093,0.5954095409540954,0.0,0.0,0.0,0.0,DP-OPTIMAL,252.0,252.0,0.0,0.0076935999968554825,800.0,125.0,3471.0,2295.0,True
Features,Linear,1000,2,3,0.1,42,CART,0.0006341999978758395,0.705,0.7,0.3,0.3,0.2376237623762376,0.36363636363636365,1.9153915391539154,0.6993699369936994,0.0,0.0,0.0,0.0,,,,,,,,,,
Features,Linear,1000,2,3,0.1,42,EMDT-DP,0.001148399998783134,0.67,0.655,0.345,0.345,0.4158415841584158,0.2727272727272727,2.6246624662466247,0.6557155715571558,0.0,0.0,0.0,0.0,DP-OPTIMAL,264.0,264.0,0.0,0.0011380999931134284,800.0,25.0,279.0,189.0,True
Features,Linear,1000,2,3,0.1,43,CART,0.0007906999962870032,0.68125,0.64,0.36,0.36,0.5,0.22549019607843138,2.950980392156863,0.6372549019607843,0.002,0.002,0.0105,0.0105,,,,,,,,,,
Features,Linear,1000,2,3,0.1,43,EMDT-DP,0.001000199990812689,0.66125,0.635,0.365,0.365,0.3163265306122449,0.4117647058823529,2.40516206482593,0.6359543817527011,0.0,0.0,0.0,0.0,DP-OPTIMAL,271.0,271.0,0.0,0.0009934999980032444,800.0,25.0,279.0,189.0,True
Features,Linear,1000,2,3,0.1,44,CART,0.0006579999899258837,0.69125,0.68,0.32,0.31999999999999995,0.31683168316831684,0.32323232323232326,2.230623062306231,0.6799679967996799,0.003,0.003,0.0,0.0,,,,,,,,,,
Features,Linear,1000,2,3,0.1,44,EMDT-DP,0.0011248000082559884,0.67125,0.7,0.3,0.30000000000000004,0.24752475247524752,0.35353535353535354,1.9446944694469446,0.6994699469946994,0.0,0.0,0.0,0.0,DP-OPTIMAL,263.0,263.0,0.0,0.0011162000009790063,800.0,25.0,279.0,189.0,True
Features,Linear,1000,2,3,0.1,45,CART,0.0006362999993143603,0.67875,0.65,0.35,0.35000000000000003,0.4791666666666667,0.23076923076923078,2.857371794871795,0.6450320512820512,0.0,0.0,0.0,0.0,,,,,,,,,,
Features,Linear,1000,2,3,0.1,45,EMDT-DP,0.0010609000019030645,0.65875,0.675,0.325,0.32500000000000007,0.375,0.27884615384615385,2.4326923076923075,0.6730769230769231,0.0,0.0,0.0,0.0,DP-OPTIMAL,273.0,273.0,0.0,0.0010528999991947785,800.0,25.0,279.0,189.0,True
Features,Linear,1000,2,3,0.1,46,CART,0.0006431999936467037,0.6975,0.715,0.285,0.285,0.1792452830188679,0.40425531914893614,1.7047370533922117,0.708249698916098,0.0,0.0,0.0,0.0,,,,,,,,,,
Features,Linear,1000,2,3,0.1,46,EMDT-DP,0.001101300003938377,0.67,0.695,0.305,0.30500000000000005,0.2641509433962264,0.35106382978723405,2.0228823765556,0.6923926134082699,0.0,0.0,0.0,0.0,DP-OPTIMAL,264.0,264.0,0.0,0.0010937999904854223,800.0,25.0,279.0,189.0,True
Features,Linear,1000,3,3,0.1,42,CART,0.0007198000093922019,0.70125,0.645,0.355,0.355,0.4752475247524752,0.23232323232323232,2.8408840884088407,0.6462146214621463,0.0,0.0,0.0,0.0,,,,,,,,,,
Features,Linear,1000,3,3,0.1,42,EMDT-DP,0.0037515000003622845,0.67125,0.68,0.32,0.32,0.3465346534653465,0.29292929292929293,2.318531853185318,0.6802680268026804,0.0,0.0,0.0,0.0,DP-OPTIMAL,263.0,263.0,0.0,0.003743699999176897,800.0,123.0,1258.0,1033.0,True
Features,Linear,1000,3,3,0.1,43,CART,0.0006817999965278432,0.71,0.6,0.4,0.4,0.4897959183673469,0.3137254901960784,3.0764305722288916,0.5982392957182873,0.0,0.0,0.0,0.0,,,,,,,,,,
Features,Linear,1000,3,3,0.1,43,EMDT-DP,0.003811099988524802,0.69625,0.62,0.38,0.38,0.5204081632653061,0.24509803921568626,3.092236894757903,0.6172468987595038,0.0,0.0,0.0,0.0,DP-OPTIMAL,243.0,243.0,0.0,0.003803100000368431,800.0,125.0,1260.0,1035.0,True
Features,Linear,1000,3,3,0.1,44,CART,0.0007038000039756298,0.7025,0.62,0.38,0.38,0.4215686274509804,0.336734693877551,2.781312525010004,0.6208483393357342,0.0,0.0,0.0,0.0,,,,,,,,,,
Features,Linear,1000,3,3,0.1,44,EMDT-DP,0.0037505000072997063,0.66875,0.635,0.365,0.365,0.3431372549019608,0.3877551020408163,2.4911964785914367,0.6345538215286114,0.0,0.0,0.0,0.0,DP-OPTIMAL,265.0,265.0,0.0,0.0037428999930853024,800.0,125.0,1260.0,1035.0,True
Features,Linear,1000,3,3,0.1,45,CART,0.0007637999951839447,0.705,0.685,0.315,0.31500000000000006,0.3076923076923077,0.3229166666666667,2.184294871794872,0.6846955128205128,0.0,0.0,0.0,0.0,,,,,,,,,,
Features,Linear,1000,3,3,0.1,45,EMDT-DP,0.004210300001432188,0.6975,0.665,0.335,0.335,0.28846153846153844,0.3854166666666667,2.2131410256410255,0.6630608974358976,0.0,0.0,0.0,0.0,DP-OPTIMAL,242.0,242.0,0.0,0.004202299998723902,800.0,125.0,1260.0,1035.0,True
Features,Linear,1000,3,3,0.1,46,CART,0.0008958999969763681,0.70375,0.655,0.345,0.345,0.43434343434343436,0.25742574257425743,2.6865686568656866,0.654115411541154,0.0,0.0,0.0,0.0,,,,,,,,,,
Features,Linear,1000,3,3,0.1,46,EMDT-DP,0.003750400006538257,0.675,0.59,0.41,0.41000000000000003,0.42424242424242425,0.39603960396039606,2.913291329132913,0.5898589858985899,0.0,0.0,0.0,0.0,DP-OPTIMAL,260.0,260.0,0.0,0.0037410999939311296,800.0,125.0,1260.0,1035.0,True
Features,Linear,1000,5,3,0.1,42,CART,0.0008662999898660928,0.69625,0.66,0.34,0.33999999999999997,0.3018867924528302,0.3829787234042553,2.2753914090726615,0.6575672420714573,0.0,0.0,0.0,0.0,,,,,,,,,,
Features,Linear,1000,5,3,0.1,42,EMDT-DP,0.07939369999803603,0.66875,0.7,0.3,0.3,0.2169811320754717,0.39361702127659576,1.87213970293055,0.6947009233239663,0.0,0.0,0.0,0.0,DP-OPTIMAL,265.0,265.0,0.0,0.07936880001216196,800.0,717.0,7466.0,6791.0,True
Features,Linear,1000,5,3,0.1,43,CART,0.000924400010262616,0.71375,0.59,0.41,0.41000000000000003,0.49504950495049505,0.32323232323232326,3.121712171217122,0.5908590859085909,0.002,0.002,0.0105,0.0105,,,,,,,,,,
Features,Linear,1000,5,3,0.1,43,EMDT-DP,0.07607709999138024,0.67375,0.58,0.42,0.42000000000000004,0.40594059405940597,0.43434343434343436,2.8983898389838982,0.5798579857985798,0.0,0.0,0.0,0.0,DP-OPTIMAL,261.0,261.0,0.0,0.07605370000237599,800.0,701.0,7466.0,6791.0,True
Features,Linear,1000,5,3,0.1,44,CART,0.0009828999900491908,0.72125,0.665,0.335,0.33499999999999996,0.25,0.41346153846153844,2.0769230769230766,0.6682692307692308,0.0005,0.0005,0.0005,0.0005,,,,,,,,,,
Features,Linear,1000,5,3,0.1,44,EMDT-DP,0.07772850000765175,0.68375,0.715,0.285,0.28500000000000003,0.21875,0.34615384615384615,1.7860576923076923,0.7175480769230769,0.0,0.0,0.0,0.0,DP-OPTIMAL,253.0,253.0,0.0,0.07770850000088103,800.0,696.0,7466.0,6791.0,True
Features,Linear,1000,5,3,0.1,45,CART,0.0008952999924076721,0.705,0.635,0.365,0.365,0.30097087378640774,0.4329896907216495,2.3708337503753376,0.6330197177459714,0.005,0.005,0.01,0.01,,,,,,,,,,
Features,Linear,1000,5,3,0.1,45,EMDT-DP,0.07943070000328589,0.6625,0.655,0.345,0.34500000000000003,0.30097087378640774,0.3917525773195876,2.2883595235712137,0.6536382744470024,0.0,0.0,0.0,0.0,DP-OPTIMAL,270.0,270.0,0.0,0.07940940000116825,800.0,727.0,7466.0,6791.0,True
Features,Linear,1000,5,3,0.1,46,CART,0.001062900002580136,0.705,0.675,0.325,0.325,0.3465346534653465,0.30303030303030304,2.3387338733873384,0.6752175217521753,0.006,0.006,0.006,0.006,,,,,,,,,,
Features,Linear,1000,5,3,0.1,46,EMDT-DP,0.07819500000914559,0.65625,0.63,0.37,0.37,0.3069306930693069,0.43434343434343436,2.4033403340334036,0.6293629362936294,0.0,0.0,0.0,0.0,DP-OPTIMAL,275.0,275.0,0.0,0.07817110000178218,800.0,719.0,7460.0,6785.0,True
