Dataset,Method,Metric,Mean,SD,CI_L,CI_U,N
adult_income,CART,Accuracy,0.8056962997082756,0.004509770218005886,0.8031007216336559,0.8084139413480731,10
adult_income,CART,TrainAccuracy,0.8061570208273346,0.0023741668201434766,0.8048322775698243,0.8075823015644495,10
adult_income,CART,Brier,0.13188570703997962,0.0016748735409418405,0.1309565322175474,0.1328550728914011,10
adult_income,CART,ECE,0.00749714258577928,0.0034406839709113096,0.00550243437315969,0.00941715603406274,10
adult_income,CART,AUC,0.795837709704711,0.004536302332865463,0.7931293291899671,0.798304834364231,10
adult_income,CART,FPR,0.10420626895854394,0.036761747418743634,0.07959504550050554,0.11842366026289176,10
adult_income,CART,FNR,0.47844387755102036,0.11352669795818802,0.43628826530612247,0.5531903698979592,10
adult_income,CART,Cost,1.4779190998947607,0.05444586677278133,1.4493623126070447,1.5125374592455787,10
adult_income,CART,viol_rate,0.08945,0.16873869509458173,0.0050475,0.2011025,10
adult_income,CART,viol_severity_mean,0.004595949164853699,0.0093791256599679,0.00013918995787660384,0.010501563854460107,10
adult_income,CART,empirical_viol_rate,0.010450000000000001,0.008519422254798476,0.005548750000000001,0.015601249999999995,10
adult_income,CART,empirical_viol_severity,0.00057248278363577,0.0004452782985003793,0.00030933180539241496,0.0008470244448098486,10
adult_income,CART,Time,0.0057735700029296995,0.0005463757965634137,0.005468669502515627,0.0061093967513078705,10
adult_income,EMDT,Accuracy,0.7984031936127745,0.0025925431479428924,0.7969138645785352,0.7999389682174113,10
adult_income,EMDT,TrainAccuracy,0.7969334868989346,0.0009385549100493164,0.7963912083693253,0.7974710864766292,10
adult_income,EMDT,Brier,0.20159680638722555,0.002592543147942869,0.2000610317825886,0.20308613542146473,10
adult_income,EMDT,ECE,0.20159680638722555,0.002592543147942869,0.2000610317825886,0.20308613542146473,10
adult_income,EMDT,AUC,0.6408725895565508,0.003370016770693442,0.6389328080827881,0.6428389462015849,10
adult_income,EMDT,FPR,0.055308392315470134,0.002600679706620888,0.05381142568250754,0.05684580384226488,10
adult_income,EMDT,FNR,0.6629464285714286,0.0058315759882420284,0.6595025510204081,0.6663265306122449,10
adult_income,EMDT,Cost,1.602434818720208,0.018753396342977652,1.5913437803078763,1.6131555980582322,10
adult_income,EMDT,viol_rate,0.0,0.0,0.0,0.0,10
adult_income,EMDT,viol_severity_mean,0.0,0.0,0.0,0.0,10
adult_income,EMDT,empirical_viol_rate,0.0,0.0,0.0,0.0,10
adult_income,EMDT,empirical_viol_severity,0.0,0.0,0.0,0.0,10
adult_income,EMDT,Time,2.269634130000486,0.3247727439398752,2.0880416407511806,2.4681155742499685,10
adult_income,EMDT-Cell,Accuracy,0.8014586212191002,0.0020693943738669613,0.8002145708582835,0.8026105481345003,10
adult_income,EMDT-Cell,TrainAccuracy,0.8002687398022843,0.0007790764092450357,0.7998368365486132,0.800734355504367,10
adult_income,EMDT-Cell,Brier,0.19854137878089967,0.002069394373866935,0.19738945186549972,0.19978542914171654,10
adult_income,EMDT-Cell,ECE,0.19854137878089972,0.002069394373866944,0.19738945186549972,0.1997854291417166,10
adult_income,EMDT-Cell,AUC,0.6358291267720434,0.002995660668201237,0.633966949744382,0.637560545464394,10
adult_income,EMDT-Cell,FPR,0.04473205257836195,0.0024964690575548553,0.043316481294236577,0.046208796764408464,10
adult_income,EMDT-Cell,FNR,0.683609693877551,0.006157264131118642,0.6801020408163264,0.6876275510204082,10
adult_income,EMDT-Cell,Cost,1.590879650646912,0.014999108987139128,1.5825864935205627,1.6001004448164502,10
adult_income,EMDT-Cell,viol_rate,0.0,0.0,0.0,0.0,10
adult_income,EMDT-Cell,viol_severity_mean,0.0,0.0,0.0,0.0,10
adult_income,EMDT-Cell,empirical_viol_rate,0.0,0.0,0.0,0.0,10
adult_income,EMDT-Cell,empirical_viol_severity,0.0,0.0,0.0,0.0,10
adult_income,EMDT-Cell,Time,1.7330291299978853,0.07944247962498387,1.695436126250388,1.783877725747334,10
adult_income,EMDT-DP,Accuracy,0.7984031936127745,0.0025925431479428924,0.7969138645785352,0.7999389682174113,10
adult_income,EMDT-DP,TrainAccuracy,0.7969334868989346,0.0009385549100493164,0.7963912083693253,0.7974710864766292,10
adult_income,EMDT-DP,Brier,0.20159680638722555,0.002592543147942869,0.2000610317825886,0.20308613542146473,10
adult_income,EMDT-DP,ECE,0.20159680638722555,0.002592543147942869,0.2000610317825886,0.20308613542146473,10
adult_income,EMDT-DP,AUC,0.6408725895565508,0.003370016770693442,0.6389328080827881,0.6428389462015849,10
adult_income,EMDT-DP,FPR,0.055308392315470134,0.002600679706620888,0.05381142568250754,0.05684580384226488,10
adult_income,EMDT-DP,FNR,0.6629464285714286,0.0058315759882420284,0.6595025510204081,0.6663265306122449,10
adult_income,EMDT-DP,Cost,1.602434818720208,0.018753396342977652,1.5913437803078763,1.6131555980582322,10
adult_income,EMDT-DP,viol_rate,0.0,0.0,0.0,0.0,10
adult_income,EMDT-DP,viol_severity_mean,0.0,0.0,0.0,0.0,10
adult_income,EMDT-DP,empirical_viol_rate,0.0,0.0,0.0,0.0,10
adult_income,EMDT-DP,empirical_viol_severity,0.0,0.0,0.0,0.0,10
adult_income,EMDT-DP,Time,0.033595740000600886,0.0017134379035000178,0.03277408849888157,0.034749269250496526,10
adult_income,EMDT-Iso,Accuracy,0.7984031936127745,0.0025925431479428924,0.7969138645785352,0.7999389682174113,10
adult_income,EMDT-Iso,TrainAccuracy,0.7969334868989346,0.0009385549100493164,0.7963912083693253,0.7974710864766292,10
adult_income,EMDT-Iso,Brier,0.1582649963934049,0.0011825831465683487,0.15756426199138598,0.15894683921453281,10
adult_income,EMDT-Iso,ECE,0.00561755735344776,0.0028898705260053574,0.0038849895362466228,0.0071958307019961655,10
adult_income,EMDT-Iso,AUC,0.6408725895565508,0.003370016770693442,0.6389328080827881,0.6428389462015849,10
adult_income,EMDT-Iso,FPR,0.055308392315470134,0.002600679706620888,0.05381142568250754,0.05684580384226488,10
adult_income,EMDT-Iso,FNR,0.6629464285714286,0.0058315759882420284,0.6595025510204081,0.6663265306122449,10
adult_income,EMDT-Iso,Cost,1.602434818720208,0.018753396342977652,1.5913437803078763,1.6131555980582322,10
adult_income,EMDT-Iso,viol_rate,0.0,0.0,0.0,0.0,10
adult_income,EMDT-Iso,viol_severity_mean,0.0,0.0,0.0,0.0,10
adult_income,EMDT-Iso,empirical_viol_rate,0.0,0.0,0.0,0.0,10
adult_income,EMDT-Iso,empirical_viol_severity,0.0,0.0,0.0,0.0,10
adult_income,EMDT-Iso,Time,2.2726406699992365,0.3248132553992795,2.0911447677479376,2.4710051807489437,10
adult_income,LGBM-Adv,Accuracy,0.8259020420697067,0.002238431458510753,0.8246886995240289,0.8272531859358206,10
adult_income,LGBM-Adv,TrainAccuracy,0.8245513005086862,0.0011532961683895383,0.8238938477780977,0.8252041942604857,10
adult_income,LGBM-Adv,Brier,0.12178944608778522,0.0008093739468939234,0.12127636955194152,0.12223896925585313,10
adult_income,LGBM-Adv,ECE,0.008407294589942601,0.002328279887654581,0.007103989732832677,0.009810833905170544,10
adult_income,LGBM-Adv,AUC,0.8512460922184848,0.002473672778430814,0.8498419353965043,0.8526939118891994,10
adult_income,LGBM-Adv,FPR,0.04762386248736094,0.006308517563313684,0.04438827098078864,0.05172952477249743,10
adult_income,LGBM-Adv,FNR,0.5729591836734694,0.019474924132132976,0.5603954081632653,0.5831664540816326,10
adult_income,LGBM-Adv,Cost,1.3840376797837437,0.01812251158116428,1.3738550909494232,1.3948517074296858,10
adult_income,LGBM-Adv,viol_rate,0.0,0.0,0.0,0.0,10
adult_income,LGBM-Adv,viol_severity_mean,0.0,0.0,0.0,0.0,10
adult_income,LGBM-Adv,empirical_viol_rate,0.0,0.0,0.0,0.0,10
adult_income,LGBM-Adv,empirical_viol_severity,0.0,0.0,0.0,0.0,10
adult_income,LGBM-Adv,Time,0.13758674000273458,0.004812361371456052,0.13495140875551437,0.14057417550349782,10
adult_income,LGBM-Mono,Accuracy,0.826040227237832,0.0023753112003423375,0.824672577921081,0.8274228466144634,10
adult_income,LGBM-Mono,TrainAccuracy,0.8241337940301372,0.0013027114926982154,0.8233898406756888,0.8248584317112966,10
adult_income,LGBM-Mono,Brier,0.121781322677877,0.0008234527613557417,0.12125979953204417,0.12222436930837725,10
adult_income,LGBM-Mono,ECE,0.00875580919861447,0.002780581459419251,0.007146208156262361,0.010367755349197948,10
adult_income,LGBM-Mono,AUC,0.8513228743216195,0.0025185429996633945,0.8498717560899486,0.8528278485212336,10
adult_income,LGBM-Mono,FPR,0.048695652173913,0.007692094739634684,0.04450960566228508,0.05322598584428711,10
adult_income,LGBM-Mono,FNR,0.5690051020408162,0.020608252402900904,0.5572066326530611,0.5806760204081632,10
adult_income,LGBM-Mono,Cost,1.381488464951198,0.01655331368862248,1.3723736838643448,1.3914603431109551,10
adult_income,LGBM-Mono,viol_rate,0.0,0.0,0.0,0.0,10
adult_income,LGBM-Mono,viol_severity_mean,0.0,0.0,0.0,0.0,10
adult_income,LGBM-Mono,empirical_viol_rate,0.0,0.0,0.0,0.0,10
adult_income,LGBM-Mono,empirical_viol_severity,0.0,0.0,0.0,0.0,10
adult_income,LGBM-Mono,Time,0.15140593999676635,0.005449824722486219,0.1482186272462786,0.15452204424596852,10
adult_income,MonoRF,Accuracy,0.8162137263933671,0.0018152564461812943,0.815184630738523,0.8172428220482113,10
adult_income,MonoRF,TrainAccuracy,0.8148094826758806,0.0010035759760282875,0.8142190949227371,0.8153568000767829,10
adult_income,MonoRF,Brier,0.13113714219700395,0.0008344300989500209,0.13059840821902427,0.13159750379696503,10
adult_income,MonoRF,ECE,0.049336959933471654,0.0031818145691541997,0.04744814218048499,0.051175889023341296,10
adult_income,MonoRF,AUC,0.8345377403994967,0.0028065942396335087,0.8328613556519675,0.836130838457729,10
adult_income,MonoRF,FPR,0.022002022244691572,0.0012924096756273145,0.02123356926188065,0.022730030333670347,10
adult_income,MonoRF,FNR,0.6940051020408163,0.009983804391708062,0.688265306122449,0.6997448979591836,10
adult_income,MonoRF,Cost,1.498020315305091,0.01587437454571805,1.488820901085409,1.5070751416087165,10
adult_income,MonoRF,viol_rate,0.0,0.0,0.0,0.0,10
adult_income,MonoRF,viol_severity_mean,0.0,0.0,0.0,0.0,10
adult_income,MonoRF,empirical_viol_rate,0.0,0.0,0.0,0.0,10
adult_income,MonoRF,empirical_viol_severity,0.0,0.0,0.0,0.0,10
adult_income,MonoRF,Time,0.9729109199965024,0.04227762225084427,0.9513332639944565,1.0009728704943337,10
adult_income,MonoScore,Accuracy,0.7923076923076924,0.0023896586821115138,0.790879778903731,0.7936281283586673,10
adult_income,MonoScore,TrainAccuracy,0.7914435166522699,0.0007325066494668111,0.7910116133985987,0.7918946156061043,10
adult_income,MonoScore,Brier,0.14234829484612127,0.0008384435215253871,0.1418949204211121,0.14285970277072838,10
adult_income,MonoScore,ECE,0.037976255048419644,0.004844561715101116,0.03516207524744518,0.040709876862157005,10
adult_income,MonoScore,AUC,0.8096323461133694,0.004264463587053779,0.8070216591692287,0.8119063288327212,10
adult_income,MonoScore,FPR,0.03638018200202219,0.003527772231111787,0.034378159757330586,0.03838220424671379,10
adult_income,MonoScore,FNR,0.7479591836734694,0.0037766016991840723,0.7457908163265305,0.7501275510204082,10
adult_income,MonoScore,Cost,1.67781927735705,0.015584578549749751,1.6694104054033139,1.687053268349807,10
adult_income,MonoScore,viol_rate,0.0,0.0,0.0,0.0,10
adult_income,MonoScore,viol_severity_mean,0.0,0.0,0.0,0.0,10
adult_income,MonoScore,empirical_viol_rate,0.0,0.0,0.0,0.0,10
adult_income,MonoScore,empirical_viol_severity,0.0,0.0,0.0,0.0,10
adult_income,MonoScore,Time,0.01553206000244239,0.0021556206590030297,0.014338517502001139,0.01688973325399268,10
adult_income,MonoXGB1,Accuracy,0.8098111469368956,0.003428695595752698,0.8077840472900353,0.811623291877783,10
adult_income,MonoXGB1,TrainAccuracy,0.8097466167578462,0.001734007154347508,0.808719646799117,0.8107591899414531,10
adult_income,MonoXGB1,Brier,0.13510839194059368,0.0012778175676642445,0.13437309376895423,0.13586218487471335,10
adult_income,MonoXGB1,ECE,0.04028485347024216,0.003509755389576754,0.03824706196361706,0.042389060156392676,10
adult_income,MonoXGB1,AUC,0.7890692257691752,0.003808493311472281,0.7868576954922515,0.7911770666747487,10
adult_income,MonoXGB1,FPR,0.10396359959555102,0.005629650607075448,0.1009095045500505,0.10734175935288162,10
adult_income,MonoXGB1,FNR,0.4621173469387755,0.008456503326838005,0.4568877551020408,0.46696428571428567,10
adult_income,MonoXGB1,Cost,1.444052691855306,0.022254415255124275,1.4319342228802543,1.457212184798085,10
adult_income,MonoXGB1,viol_rate,0.0,0.0,0.0,0.0,10
adult_income,MonoXGB1,viol_severity_mean,0.0,0.0,0.0,0.0,10
adult_income,MonoXGB1,empirical_viol_rate,0.0,0.0,0.0,0.0,10
adult_income,MonoXGB1,empirical_viol_severity,0.0,0.0,0.0,0.0,10
adult_income,MonoXGB1,Time,0.00928687000123311,0.0031650933872221917,0.007943862501415348,0.011383564500138105,10
adult_income,ODT,Accuracy,0.8018731767234761,0.0021812398013951848,0.8005830646399509,0.8030861354214647,10
adult_income,ODT,TrainAccuracy,0.8008734043574239,0.0008422686897847922,0.8003885929551781,0.801353656780881,10
adult_income,ODT,Brier,0.19812682327652384,0.002181239801395174,0.19691386457853524,0.19941693536004915,10
adult_income,ODT,ECE,0.19812682327652384,0.002181239801395174,0.19691386457853524,0.19941693536004915,10
adult_income,ODT,AUC,0.6397823636532468,0.0034757934696686846,0.6378192691352325,0.6418405854063061,10
adult_income,ODT,FPR,0.04760364004044485,0.003476849714918097,0.045601617795753245,0.04962588473205254,10
adult_income,ODT,FNR,0.6728316326530612,0.00841256757542915,0.667920918367347,0.6776785714285714,10
adult_income,ODT,Cost,1.5836814655083469,0.015490161703047721,1.574864059501455,1.592844365185407,10
adult_income,ODT,viol_rate,0.0016,0.0008755950357709132,0.00105,0.0021,10
adult_income,ODT,viol_severity_mean,0.0016,0.0008755950357709132,0.00105,0.0021,10
adult_income,ODT,empirical_viol_rate,0.0002,0.00025819888974716116,5e-05,0.00035,10
adult_income,ODT,empirical_viol_severity,0.0002,0.00025819888974716116,5e-05,0.00035,10
adult_income,ODT,Time,2.2299779099979786,0.246829483914126,2.106533210248708,2.397456254745921,10
adult_income,XGB-Mono,Accuracy,0.8262244741286656,0.0018207314760721762,0.8251642868109933,0.827299247658529,10
adult_income,XGB-Mono,TrainAccuracy,0.8238938477780977,0.0012835168386921857,0.8231404165466936,0.824599649678472,10
adult_income,XGB-Mono,Brier,0.12174260169267652,0.0008647263410476136,0.12119054738432164,0.12221953958272927,10
adult_income,XGB-Mono,ECE,0.00910467785500293,0.0017387736359132534,0.007976962634469988,0.010036741185183684,10
adult_income,XGB-Mono,AUC,0.8514866529270959,0.0027129397474608017,0.8499260225039208,0.8530869571665874,10
adult_income,XGB-Mono,FPR,0.04539939332659247,0.004012059626546134,0.04323559150657225,0.047987866531850304,10
adult_income,XGB-Mono,FNR,0.5786352040816326,0.013806739240805662,0.5702152423469388,0.5860347576530612,10
adult_income,XGB-Mono,Cost,1.3842673747962277,0.01530321907636818,1.3758529378004996,1.3932402505365138,10
adult_income,XGB-Mono,viol_rate,0.0,0.0,0.0,0.0,10
adult_income,XGB-Mono,viol_severity_mean,0.0,0.0,0.0,0.0,10
adult_income,XGB-Mono,empirical_viol_rate,0.0,0.0,0.0,0.0,10
adult_income,XGB-Mono,empirical_viol_severity,0.0,0.0,0.0,0.0,10
adult_income,XGB-Mono,Time,0.3022587999992538,0.005407743563329759,0.2991999675027182,0.305619422003765,10
bank_marketing,CART,Accuracy,0.8891518301448634,0.002127229824759739,0.8879022448302555,0.8903574588079178,10
bank_marketing,CART,TrainAccuracy,0.8896212068846341,0.0008169062548857749,0.889182190502523,0.8901155215317619,10
bank_marketing,CART,Brier,0.08311271133214838,0.0009551641899069151,0.08257238498193356,0.08365620954998743,10
bank_marketing,CART,ECE,0.004613143707393099,0.0017233299832291105,0.003624487305313285,0.005616638327033344,10
bank_marketing,CART,AUC,0.8098423023793432,0.01004008844415849,0.8036883443436593,0.8155990171789498,10
bank_marketing,CART,FPR,0.02396994364433308,0.004533584878471931,0.02135190983093296,0.026524733876017486,10
bank_marketing,CART,FNR,0.7665406427221172,0.02390305827144379,0.7536838374291115,0.780812854442344,10
bank_marketing,CART,Cost,1.6529310036658997,0.03047988194422266,1.6352538106066075,1.6706334123646298,10
bank_marketing,CART,viol_rate,0.0025499999999999997,0.0025760650440373413,0.0010999999999999998,0.004050000000000001,10
bank_marketing,CART,viol_severity_mean,1.8916701598302424e-05,2.6660282424523867e-05,5.237829939260952e-06,3.576142253116039e-05,10
bank_marketing,CART,empirical_viol_rate,0.0,0.0,0.0,0.0,10
bank_marketing,CART,empirical_viol_severity,0.0,0.0,0.0,0.0,10
bank_marketing,CART,Time,0.012938920001033642,0.0009607423695432805,0.012380296750343373,0.01347751900113502,10
bank_marketing,EMDT,Accuracy,0.8833683512108813,0.0010122334500985433,0.882760145969258,0.8839212650669026,10
bank_marketing,EMDT,TrainAccuracy,0.8838805557475634,0.00036930255810047226,0.8836835556784406,0.8841121172323219,10
bank_marketing,EMDT,Brier,0.11663164878911862,0.0010122334500985441,0.1160787349330974,0.11723985403074196,10
bank_marketing,EMDT,ECE,0.11663164878911862,0.0010122334500985441,0.1160787349330974,0.11723985403074196,10
bank_marketing,EMDT,AUC,0.5182454223597412,0.0021321861716855142,0.5169892274976831,0.5194685272066126,10
bank_marketing,EMDT,FPR,0.005097056981840891,0.0009316699664174482,0.004583281152160234,0.00563556668753908,10
bank_marketing,EMDT,FNR,0.9584120982986766,0.004010057360226127,0.9561436672967863,0.9607750472589791,10
bank_marketing,EMDT,Cost,1.9423094815065582,0.009918945938461408,1.9368356991428874,1.948352857377905,10
bank_marketing,EMDT,viol_rate,0.0,0.0,0.0,0.0,10
bank_marketing,EMDT,viol_severity_mean,0.0,0.0,0.0,0.0,10
bank_marketing,EMDT,empirical_viol_rate,0.0,0.0,0.0,0.0,10
bank_marketing,EMDT,empirical_viol_severity,0.0,0.0,0.0,0.0,10
bank_marketing,EMDT,Time,0.6598635000031209,0.07082295362054028,0.6201272207581496,0.7026152445023398,10
bank_marketing,EMDT-Cell,Accuracy,0.8833683512108813,0.0010122334500985433,0.882760145969258,0.8839212650669026,10
bank_marketing,EMDT-Cell,TrainAccuracy,0.8838805557475634,0.00036930255810047226,0.8836835556784406,0.8841121172323219,10
bank_marketing,EMDT-Cell,Brier,0.11663164878911862,0.0010122334500985441,0.1160787349330974,0.11723985403074196,10
bank_marketing,EMDT-Cell,ECE,0.11663164878911862,0.0010122334500985441,0.1160787349330974,0.11723985403074196,10
bank_marketing,EMDT-Cell,AUC,0.5182454223597412,0.0021321861716855142,0.5169892274976831,0.5194685272066126,10
bank_marketing,EMDT-Cell,FPR,0.005097056981840891,0.0009316699664174482,0.004583281152160234,0.00563556668753908,10
bank_marketing,EMDT-Cell,FNR,0.9584120982986766,0.004010057360226127,0.9561436672967863,0.9607750472589791,10
bank_marketing,EMDT-Cell,Cost,1.9423094815065582,0.009918945938461408,1.9368356991428874,1.948352857377905,10
bank_marketing,EMDT-Cell,viol_rate,0.0,0.0,0.0,0.0,10
bank_marketing,EMDT-Cell,viol_severity_mean,0.0,0.0,0.0,0.0,10
bank_marketing,EMDT-Cell,empirical_viol_rate,0.0,0.0,0.0,0.0,10
bank_marketing,EMDT-Cell,empirical_viol_severity,0.0,0.0,0.0,0.0,10
bank_marketing,EMDT-Cell,Time,0.9936036400016747,0.10128650787612413,0.9378719109993835,1.0530899860014689,10
bank_marketing,EMDT-DP,Accuracy,0.8833683512108813,0.0010122334500985433,0.882760145969258,0.8839212650669026,10
bank_marketing,EMDT-DP,TrainAccuracy,0.8838805557475634,0.00036930255810047226,0.8836835556784406,0.8841121172323219,10
bank_marketing,EMDT-DP,Brier,0.11663164878911862,0.0010122334500985441,0.1160787349330974,0.11723985403074196,10
bank_marketing,EMDT-DP,ECE,0.11663164878911862,0.0010122334500985441,0.1160787349330974,0.11723985403074196,10
bank_marketing,EMDT-DP,AUC,0.5182454223597412,0.0021321861716855142,0.5169892274976831,0.5194685272066126,10
bank_marketing,EMDT-DP,FPR,0.005097056981840891,0.0009316699664174482,0.004583281152160234,0.00563556668753908,10
bank_marketing,EMDT-DP,FNR,0.9584120982986766,0.004010057360226127,0.9561436672967863,0.9607750472589791,10
bank_marketing,EMDT-DP,Cost,1.9423094815065582,0.009918945938461408,1.9368356991428874,1.948352857377905,10
bank_marketing,EMDT-DP,viol_rate,0.0,0.0,0.0,0.0,10
bank_marketing,EMDT-DP,viol_severity_mean,0.0,0.0,0.0,0.0,10
bank_marketing,EMDT-DP,empirical_viol_rate,0.0,0.0,0.0,0.0,10
bank_marketing,EMDT-DP,empirical_viol_severity,0.0,0.0,0.0,0.0,10
bank_marketing,EMDT-DP,Time,0.04452740999840894,0.0014065019576400533,0.04373098225205462,0.04538654299551122,10
bank_marketing,EMDT-Iso,Accuracy,0.8833683512108813,0.0010122334500985433,0.882760145969258,0.8839212650669026,10
bank_marketing,EMDT-Iso,TrainAccuracy,0.8838805557475634,0.00036930255810047226,0.8836835556784406,0.8841121172323219,10
bank_marketing,EMDT-Iso,Brier,0.1017815078659046,0.0003647683493262577,0.10157889950321763,0.10200496735246277,10
bank_marketing,EMDT-Iso,ECE,0.0011222339478228836,0.00046610365433800765,0.000845129881839981,0.0013669185281179133,10
bank_marketing,EMDT-Iso,AUC,0.5182454223597412,0.0021321861716855142,0.5169892274976831,0.5194685272066126,10
bank_marketing,EMDT-Iso,FPR,0.005097056981840891,0.0009316699664174482,0.004583281152160234,0.00563556668753908,10
bank_marketing,EMDT-Iso,FNR,0.9584120982986766,0.004010057360226127,0.9561436672967863,0.9607750472589791,10
bank_marketing,EMDT-Iso,Cost,1.9423094815065582,0.009918945938461408,1.9368356991428874,1.948352857377905,10
bank_marketing,EMDT-Iso,viol_rate,0.0,0.0,0.0,0.0,10
bank_marketing,EMDT-Iso,viol_severity_mean,0.0,0.0,0.0,0.0,10
bank_marketing,EMDT-Iso,empirical_viol_rate,0.0,0.0,0.0,0.0,10
bank_marketing,EMDT-Iso,empirical_viol_severity,0.0,0.0,0.0,0.0,10
bank_marketing,EMDT-Iso,Time,0.6636190100005479,0.07093941484070286,0.6238411552523757,0.7065744705051473,10
bank_marketing,LGBM-Adv,Accuracy,0.8902465995797855,0.002242919816665007,0.8889748977109366,0.8917176268937299,10
bank_marketing,LGBM-Adv,TrainAccuracy,0.8916015760005529,0.0008013479917710276,0.8911522775972905,0.892102716527269,10
bank_marketing,LGBM-Adv,Brier,0.08069001453009525,0.0009659195256907329,0.08011923450637687,0.08123417224768444,10
bank_marketing,LGBM-Adv,ECE,0.00805803780434584,0.0014519711375775603,0.007248008710561794,0.008880375963108143,10
bank_marketing,LGBM-Adv,AUC,0.8532459846143465,0.003995131188171127,0.8510284227101145,0.8555825454863976,10
bank_marketing,LGBM-Adv,FPR,0.022028804007514047,0.002603258005979927,0.020587977457733223,0.02359423919849714,10
bank_marketing,LGBM-Adv,FNR,0.7718336483931948,0.01770064511727417,0.7603922495274102,0.7812878071833649,10
bank_marketing,LGBM-Adv,Cost,1.6538113168239597,0.03135322846744905,1.6330972653119684,1.6701288036524058,10
bank_marketing,LGBM-Adv,viol_rate,0.0,0.0,0.0,0.0,10
bank_marketing,LGBM-Adv,viol_severity_mean,0.0,0.0,0.0,0.0,10
bank_marketing,LGBM-Adv,empirical_viol_rate,0.0,0.0,0.0,0.0,10
bank_marketing,LGBM-Adv,empirical_viol_severity,0.0,0.0,0.0,0.0,10
bank_marketing,LGBM-Adv,Time,0.18408494000032077,0.012860343545047271,0.17637408874845276,0.19078076575096925,10
bank_marketing,LGBM-Mono,Accuracy,0.8902023664713038,0.0022659426515602788,0.888853256662612,0.8916291606767666,10
bank_marketing,LGBM-Mono,TrainAccuracy,0.8911661021635446,0.0006337306762275223,0.8907824704499896,0.8915186286030277,10
bank_marketing,LGBM-Mono,Brier,0.08079467674932386,0.0010213775755613852,0.08019187851408989,0.08136292567722726,10
bank_marketing,LGBM-Mono,ECE,0.00784420982083483,0.0017630559558989224,0.006791699762323321,0.008849034438828826,10
bank_marketing,LGBM-Mono,AUC,0.8532518320622433,0.003967424811695219,0.8510432731859003,0.8555472705202216,10
bank_marketing,LGBM-Mono,FPR,0.023318722604884122,0.0028169637869046274,0.021740137758296765,0.025009705698184077,10
bank_marketing,LGBM-Mono,FNR,0.7624763705103971,0.014737596460209456,0.7528355387523631,0.7702268431001891,10
bank_marketing,LGBM-Mono,Cost,1.6415463540452149,0.026028774235157794,1.6236697943805314,1.6548880580672884,10
bank_marketing,LGBM-Mono,viol_rate,0.0,0.0,0.0,0.0,10
bank_marketing,LGBM-Mono,viol_severity_mean,0.0,0.0,0.0,0.0,10
bank_marketing,LGBM-Mono,empirical_viol_rate,0.0,0.0,0.0,0.0,10
bank_marketing,LGBM-Mono,empirical_viol_severity,0.0,0.0,0.0,0.0,10
bank_marketing,LGBM-Mono,Time,0.20543655000074063,0.009470067451794711,0.19983223000017458,0.2108389212532347,10
bank_marketing,MonoRF,Accuracy,0.8840207895609865,0.00035278811940008475,0.8838106822956983,0.8842198385491541,10
bank_marketing,MonoRF,TrainAccuracy,0.883970415428216,0.0003557569469020461,0.8837457662265846,0.8841640457593144,10
bank_marketing,MonoRF,Brier,0.08635424728411847,0.0005813393199620095,0.08604128858945384,0.0866936013970881,10
bank_marketing,MonoRF,ECE,0.038557325818987256,0.0021071710812887606,0.03740833482228964,0.039827060761357995,10
bank_marketing,MonoRF,AUC,0.8376856120822005,0.004903780792826411,0.8350381458677839,0.8407208613030339,10
bank_marketing,MonoRF,FPR,0.0011772072636192302,0.0006083886187346849,0.00078897933625543,0.0015153412648715799,10
bank_marketing,MonoRF,FNR,0.9824196597353497,0.00362524256172464,0.980148865784499,0.9843100189035916,10
bank_marketing,MonoRF,Cost,1.9707253557887956,0.005340570857317712,1.9673710957336124,1.9733164321571754,10
bank_marketing,MonoRF,viol_rate,0.0,0.0,0.0,0.0,10
bank_marketing,MonoRF,viol_severity_mean,0.0,0.0,0.0,0.0,10
bank_marketing,MonoRF,empirical_viol_rate,0.0,0.0,0.0,0.0,10
bank_marketing,MonoRF,empirical_viol_severity,0.0,0.0,0.0,0.0,10
bank_marketing,MonoRF,Time,2.075364140002057,0.10436798069749824,2.01648548300127,2.1344005065043525,10
bank_marketing,MonoScore,Accuracy,0.8831140108371116,0.00029945956005145917,0.8829260201260644,0.8832798849939179,10
bank_marketing,MonoScore,TrainAccuracy,0.883092555471072,0.00017713076743653563,0.883006065528444,0.8832032384046452,10
bank_marketing,MonoScore,Brier,0.09551707554277103,0.0010137949848630426,0.09492126207429286,0.09603773748377217,10
bank_marketing,MonoScore,ECE,0.0476711271364562,0.007499996522418232,0.04383734903501741,0.05185343342991699,10
bank_marketing,MonoScore,AUC,0.8223524200030065,0.006294852763774002,0.8190455858278696,0.8262076181356112,10
bank_marketing,MonoScore,FPR,0.00043832185347521,0.0004912795782066264,0.00021289918597363974,0.0007639323731996802,10
bank_marketing,MonoScore,FNR,0.9957466918714555,0.002368194136479647,0.994328922495274,0.9970699432892249,10
bank_marketing,MonoScore,Cost,1.9936849930102878,0.0033913102407085384,1.991798184923764,1.9957691228709784,10
bank_marketing,MonoScore,viol_rate,0.0,0.0,0.0,0.0,10
bank_marketing,MonoScore,viol_severity_mean,0.0,0.0,0.0,0.0,10
bank_marketing,MonoScore,empirical_viol_rate,0.0,0.0,0.0,0.0,10
bank_marketing,MonoScore,empirical_viol_severity,0.0,0.0,0.0,0.0,10
bank_marketing,MonoScore,Time,0.01625093999755329,0.0023471099720891106,0.014846234497781486,0.017586136747522605,10
bank_marketing,MonoXGB1,Accuracy,0.8827933208006193,0.007426254956897973,0.8783138891960631,0.8867416786464668,10
bank_marketing,MonoXGB1,TrainAccuracy,0.8829508536669662,0.0069896716614479,0.8787224372710307,0.8868839427662957,10
bank_marketing,MonoXGB1,Brier,0.09093741625547402,0.0014975205968799702,0.09008424274623386,0.09177991017699237,10
bank_marketing,MonoXGB1,ECE,0.04682971397069789,0.001848367044269696,0.04577394254613973,0.047871975860506205,10
bank_marketing,MonoXGB1,AUC,0.8077715245859143,0.00835436781505928,0.8033265935775135,0.8127990900057174,10
bank_marketing,MonoXGB1,FPR,0.04343143393863488,0.014593041744402293,0.0353653725735754,0.05212398246712578,10
bank_marketing,MonoXGB1,FNR,0.674007561436673,0.051764728327930734,0.6428142722117203,0.7062381852551984,10
bank_marketing,MonoXGB1,Cost,1.5651722925665206,0.04192573995393254,1.540770996066585,1.5913962557394357,10
bank_marketing,MonoXGB1,viol_rate,0.0,0.0,0.0,0.0,10
bank_marketing,MonoXGB1,viol_severity_mean,0.0,0.0,0.0,0.0,10
bank_marketing,MonoXGB1,empirical_viol_rate,0.0,0.0,0.0,0.0,10
bank_marketing,MonoXGB1,empirical_viol_severity,0.0,0.0,0.0,0.0,10
bank_marketing,MonoXGB1,Time,0.01296249000006352,0.0011444067695021104,0.012341119500815664,0.01366841099978043,10
bank_marketing,ODT,Accuracy,0.8833683512108813,0.0010122334500985433,0.882760145969258,0.8839212650669026,10
bank_marketing,ODT,TrainAccuracy,0.8838805557475634,0.00036930255810047226,0.8836835556784406,0.8841121172323219,10
bank_marketing,ODT,Brier,0.11663164878911862,0.0010122334500985441,0.1160787349330974,0.11723985403074196,10
bank_marketing,ODT,ECE,0.11663164878911862,0.0010122334500985441,0.1160787349330974,0.11723985403074196,10
bank_marketing,ODT,AUC,0.5182454223597412,0.0021321861716855142,0.5169892274976831,0.5194685272066126,10
bank_marketing,ODT,FPR,0.005097056981840891,0.0009316699664174482,0.004583281152160234,0.00563556668753908,10
bank_marketing,ODT,FNR,0.9584120982986766,0.004010057360226127,0.9561436672967863,0.9607750472589791,10
bank_marketing,ODT,Cost,1.9423094815065582,0.009918945938461408,1.9368356991428874,1.948352857377905,10
bank_marketing,ODT,viol_rate,0.0,0.0,0.0,0.0,10
bank_marketing,ODT,viol_severity_mean,0.0,0.0,0.0,0.0,10
bank_marketing,ODT,empirical_viol_rate,0.0,0.0,0.0,0.0,10
bank_marketing,ODT,empirical_viol_severity,0.0,0.0,0.0,0.0,10
bank_marketing,ODT,Time,0.8271367399996962,0.10816284579705474,0.7657360522462113,0.8968013262484599,10
bank_marketing,XGB-Mono,Accuracy,0.889970142651775,0.0022196275892697194,0.8887089461461904,0.8914411699657194,10
bank_marketing,XGB-Mono,TrainAccuracy,0.8910485933503838,0.0007802005148004212,0.8905820142393035,0.8915048904403126,10
bank_marketing,XGB-Mono,Brier,0.08082031980156892,0.001031613157783809,0.08021464837715027,0.08140251837670795,10
bank_marketing,XGB-Mono,ECE,0.00749840369974675,0.0018758142633237191,0.006365294761066008,0.008595013347708421,10
bank_marketing,XGB-Mono,AUC,0.853204726963245,0.003996831781277937,0.8510058930201121,0.8555684120331954,10
bank_marketing,XGB-Mono,FPR,0.02285535378835311,0.0026211367273555647,0.02140231684408261,0.024395742016280468,10
bank_marketing,XGB-Mono,FNR,0.7679584120982986,0.015229160729183304,0.7581285444234405,0.7760869565217391,10
bank_marketing,XGB-Mono,Cost,1.6501935931383631,0.027396014863521282,1.631264998881409,1.6640790032823836,10
bank_marketing,XGB-Mono,viol_rate,0.0,0.0,0.0,0.0,10
bank_marketing,XGB-Mono,viol_severity_mean,0.0,0.0,0.0,0.0,10
bank_marketing,XGB-Mono,empirical_viol_rate,0.0,0.0,0.0,0.0,10
bank_marketing,XGB-Mono,empirical_viol_severity,0.0,0.0,0.0,0.0,10
bank_marketing,XGB-Mono,Time,0.41736951999773736,0.01680641331070482,0.40788630924718744,0.4271266867457598,10
compas_real,CART,Accuracy,0.6723076923076924,0.010048681228615852,0.6665587044534413,0.6782995951417004,10
compas_real,CART,TrainAccuracy,0.6794378323626236,0.005223103400240528,0.6763990883768042,0.6826038237528489,10
compas_real,CART,Brier,0.21403496420143261,0.002989101679212838,0.21239065681494987,0.2157758072074417,10
compas_real,CART,ECE,0.02739420063195458,0.007462627714736265,0.023213888444446957,0.03170748874858788,10
compas_real,CART,AUC,0.7081768572229301,0.00852686453685534,0.7031146754850275,0.7127574089301105,10
compas_real,CART,FPR,0.48861209964412816,0.0600382579848603,0.4556895017793594,0.5238567615658363,10
compas_real,CART,FNR,0.19331352154531942,0.03935302631876146,0.17057578008915303,0.2154531946508172,10
compas_real,CART,Cost,2.8296875413112796,0.22745390827546189,2.704320247682603,2.9645533424460506,10
compas_real,CART,viol_rate,0.0,0.0,0.0,0.0,10
compas_real,CART,viol_severity_mean,0.0,0.0,0.0,0.0,10
compas_real,CART,empirical_viol_rate,0.00030000000000000003,0.0006324555320336759,5e-05,0.0007000000000000001,10
compas_real,CART,empirical_viol_severity,9.545867901399877e-06,1.8346510947162493e-05,1.04194289755149e-06,2.229948695767972e-05,10
compas_real,CART,Time,0.0012786999999661501,0.00010369631692596566,0.0012272980000852507,0.0013425622501744925,10
compas_real,EMDT,Accuracy,0.6689878542510121,0.008456274311866501,0.6640465587044535,0.6737651821862347,10
compas_real,EMDT,TrainAccuracy,0.6710812864016207,0.0041583166041052845,0.6687009369460623,0.67361357305647,10
compas_real,EMDT,Brier,0.33101214574898785,0.008456274311866496,0.3262348178137652,0.3359534412955466,10
compas_real,EMDT,ECE,0.3310121457489878,0.008456274311866512,0.3262348178137652,0.3359534412955466,10
compas_real,EMDT,AUC,0.6577666527420114,0.008581897183764117,0.6527502670361106,0.6626754837055093,10
compas_real,EMDT,FPR,0.4670818505338078,0.03955046355349547,0.4444839857651245,0.48986209964412814,10
compas_real,EMDT,FNR,0.21738484398216934,0.03570281268078509,0.19732169390787516,0.2380423476968796,10
compas_real,EMDT,Cost,2.770178940633378,0.13697226317922245,2.692823556550845,2.847198811028327,10
compas_real,EMDT,viol_rate,0.0,0.0,0.0,0.0,10
compas_real,EMDT,viol_severity_mean,0.0,0.0,0.0,0.0,10
compas_real,EMDT,empirical_viol_rate,0.0,0.0,0.0,0.0,10
compas_real,EMDT,empirical_viol_severity,0.0,0.0,0.0,0.0,10
compas_real,EMDT,Time,0.07205800000083394,0.005818958495141861,0.06887770725064905,0.07545561950129918,10
compas_real,EMDT-Cell,Accuracy,0.6785425101214575,0.009618639504024529,0.6734392712550606,0.6846983805668017,10
compas_real,EMDT-Cell,TrainAccuracy,0.6763484426437072,0.0038541998148893366,0.674069384654343,0.6786528234996201,10
compas_real,EMDT-Cell,Brier,0.3214574898785425,0.00961863950402455,0.31530161943319834,0.3265607287449393,10
compas_real,EMDT-Cell,ECE,0.3214574898785425,0.009618639504024513,0.31530161943319834,0.32656072874493924,10
compas_real,EMDT-Cell,AUC,0.6725055918947931,0.009418571805927525,0.6672846029886893,0.6785198499045545,10
compas_real,EMDT-Cell,FPR,0.39466192170818504,0.03133783752259401,0.37793594306049816,0.4137055160142349,10
compas_real,EMDT-Cell,FNR,0.2603268945022288,0.03020729247675846,0.24249628528974743,0.27712109955423475,10
compas_real,EMDT-Cell,Cost,2.493963397545383,0.1131565181099413,2.4331804661763075,2.5618561785810603,10
compas_real,EMDT-Cell,viol_rate,0.0,0.0,0.0,0.0,10
compas_real,EMDT-Cell,viol_severity_mean,0.0,0.0,0.0,0.0,10
compas_real,EMDT-Cell,empirical_viol_rate,0.0,0.0,0.0,0.0,10
compas_real,EMDT-Cell,empirical_viol_severity,0.0,0.0,0.0,0.0,10
compas_real,EMDT-Cell,Time,0.07165122999867887,0.006116439241282582,0.0683872699972562,0.07545821024792529,10
compas_real,EMDT-DP,Accuracy,0.6689878542510121,0.008456274311866501,0.6640465587044535,0.6737651821862347,10
compas_real,EMDT-DP,TrainAccuracy,0.6710812864016207,0.0041583166041052845,0.6687009369460623,0.67361357305647,10
compas_real,EMDT-DP,Brier,0.33101214574898785,0.008456274311866496,0.3262348178137652,0.3359534412955466,10
compas_real,EMDT-DP,ECE,0.3310121457489878,0.008456274311866512,0.3262348178137652,0.3359534412955466,10
compas_real,EMDT-DP,AUC,0.6577666527420114,0.008581897183764117,0.6527502670361106,0.6626754837055093,10
compas_real,EMDT-DP,FPR,0.4670818505338078,0.03955046355349547,0.4444839857651245,0.48986209964412814,10
compas_real,EMDT-DP,FNR,0.21738484398216934,0.03570281268078509,0.19732169390787516,0.2380423476968796,10
compas_real,EMDT-DP,Cost,2.770178940633378,0.13697226317922245,2.692823556550845,2.847198811028327,10
compas_real,EMDT-DP,viol_rate,0.0,0.0,0.0,0.0,10
compas_real,EMDT-DP,viol_severity_mean,0.0,0.0,0.0,0.0,10
compas_real,EMDT-DP,empirical_viol_rate,0.0,0.0,0.0,0.0,10
compas_real,EMDT-DP,empirical_viol_severity,0.0,0.0,0.0,0.0,10
compas_real,EMDT-DP,Time,0.00515889999805946,0.0003576402224576366,0.00494305549895211,0.0053607164981803734,10
compas_real,EMDT-Iso,Accuracy,0.6689878542510121,0.008456274311866501,0.6640465587044535,0.6737651821862347,10
compas_real,EMDT-Iso,TrainAccuracy,0.6710812864016207,0.0041583166041052845,0.6687009369460623,0.67361357305647,10
compas_real,EMDT-Iso,Brier,0.2217266383847428,0.002555774035114566,0.2202789811194965,0.22329635696333003,10
compas_real,EMDT-Iso,ECE,0.01672915479744139,0.014226883499891997,0.009391518459074575,0.025151763200713478,10
compas_real,EMDT-Iso,AUC,0.6577666527420114,0.008581897183764117,0.6527502670361106,0.6626754837055093,10
compas_real,EMDT-Iso,FPR,0.4670818505338078,0.03955046355349547,0.4444839857651245,0.48986209964412814,10
compas_real,EMDT-Iso,FNR,0.21738484398216934,0.03570281268078509,0.19732169390787516,0.2380423476968796,10
compas_real,EMDT-Iso,Cost,2.770178940633378,0.13697226317922245,2.692823556550845,2.847198811028327,10
compas_real,EMDT-Iso,viol_rate,0.0,0.0,0.0,0.0,10
compas_real,EMDT-Iso,viol_severity_mean,0.0,0.0,0.0,0.0,10
compas_real,EMDT-Iso,empirical_viol_rate,0.0,0.0,0.0,0.0,10
compas_real,EMDT-Iso,empirical_viol_severity,0.0,0.0,0.0,0.0,10
compas_real,EMDT-Iso,Time,0.07293009000131857,0.005829698431099169,0.0697285649959303,0.0763352367493644,10
compas_real,LGBM-Adv,Accuracy,0.688421052631579,0.009387126637207727,0.6827530364372469,0.6936862348178139,10
compas_real,LGBM-Adv,TrainAccuracy,0.6937452519625222,0.0044700418665213825,0.6912889339073184,0.6967080273486957,10
compas_real,LGBM-Adv,Brier,0.205750567369253,0.0036005252022544548,0.20378390690199827,0.20788274728404293,10
compas_real,LGBM-Adv,ECE,0.030846770932875085,0.005567574354127093,0.027517701280402384,0.03397362264341143,10
compas_real,LGBM-Adv,AUC,0.7382225177539354,0.010474822318272266,0.7319025827150962,0.744056331399745,10
compas_real,LGBM-Adv,FPR,0.4062277580071174,0.01938422254808863,0.3944839857651246,0.4172642348754448,10
compas_real,LGBM-Adv,FNR,0.23254086181277858,0.01018068587969018,0.22659361069836553,0.23759286775631497,10
compas_real,LGBM-Adv,Cost,2.4962205136611444,0.09477761543489523,2.440187302036349,2.551380913792283,10
compas_real,LGBM-Adv,viol_rate,0.0,0.0,0.0,0.0,10
compas_real,LGBM-Adv,viol_severity_mean,0.0,0.0,0.0,0.0,10
compas_real,LGBM-Adv,empirical_viol_rate,0.0,0.0,0.0,0.0,10
compas_real,LGBM-Adv,empirical_viol_severity,0.0,0.0,0.0,0.0,10
compas_real,LGBM-Adv,Time,0.02947903000167566,0.0022486735473491435,0.028213553001223707,0.030810857251890377,10
compas_real,LGBM-Mono,Accuracy,0.688421052631579,0.008785829328312542,0.6832368421052631,0.6933603238866397,10
compas_real,LGBM-Mono,TrainAccuracy,0.6937958976956192,0.004986311842416845,0.6909844264370726,0.6969106102810838,10
compas_real,LGBM-Mono,Brier,0.20549395186283753,0.0037882067509778148,0.20340486982817374,0.20775190885059538,10
compas_real,LGBM-Mono,ECE,0.030788620900893737,0.00585098693678313,0.027539677771388337,0.03410280707711321,10
compas_real,LGBM-Mono,AUC,0.7393465811446067,0.010848455064991297,0.7327742110537087,0.7454887289609915,10
compas_real,LGBM-Mono,FPR,0.4062277580071174,0.02154992907936705,0.394123665480427,0.4190391459074734,10
compas_real,LGBM-Mono,FNR,0.23254086181277858,0.009272731662629546,0.22644873699851412,0.2367013372956909,10
compas_real,LGBM-Mono,Cost,2.4962205136611444,0.10079182060196212,2.439577838382343,2.556131671275904,10
compas_real,LGBM-Mono,viol_rate,0.0,0.0,0.0,0.0,10
compas_real,LGBM-Mono,viol_severity_mean,0.0,0.0,0.0,0.0,10
compas_real,LGBM-Mono,empirical_viol_rate,0.0,0.0,0.0,0.0,10
compas_real,LGBM-Mono,empirical_viol_severity,0.0,0.0,0.0,0.0,10
compas_real,LGBM-Mono,Time,0.028819440002553133,0.0014518078698513644,0.02802500975303697,0.029721261753438713,10
compas_real,MonoRF,Accuracy,0.660161943319838,0.016795195754294556,0.6499574898785425,0.6692327935222673,10
compas_real,MonoRF,TrainAccuracy,0.6632311977715877,0.0049036793723111404,0.6604450493795897,0.6659920232970373,10
compas_real,MonoRF,Brier,0.21850763768603895,0.0020353235056451953,0.21736551615277158,0.21967665716666288,10
compas_real,MonoRF,ECE,0.06984522249721384,0.01171095854356396,0.06316813222630319,0.07664420555684727,10
compas_real,MonoRF,AUC,0.7285104672867545,0.011723837043516896,0.7217597514449032,0.7351608462929572,10
compas_real,MonoRF,FPR,0.5772241992882562,0.036975680751047735,0.5567571174377224,0.5998220640569396,10
compas_real,MonoRF,FNR,0.14160475482912332,0.011908722236861752,0.1350668647845468,0.14888558692421988,10
compas_real,MonoRF,Cost,3.1693305060995276,0.18167830551791597,3.0687877882535837,3.280549664750705,10
compas_real,MonoRF,viol_rate,0.0,0.0,0.0,0.0,10
compas_real,MonoRF,viol_severity_mean,0.0,0.0,0.0,0.0,10
compas_real,MonoRF,empirical_viol_rate,0.0,0.0,0.0,0.0,10
compas_real,MonoRF,empirical_viol_severity,0.0,0.0,0.0,0.0,10
compas_real,MonoRF,Time,0.2224911600045743,0.02559247805457905,0.2098031172538685,0.23848617425217525,10
compas_real,MonoScore,Accuracy,0.6830769230769231,0.013409715270931016,0.6757085020242914,0.6908522267206478,10
compas_real,MonoScore,TrainAccuracy,0.6790073436312991,0.005174794540165016,0.6759179539123829,0.6819447961509242,10
compas_real,MonoScore,Brier,0.21283421005563224,0.002722029496213945,0.21124146106661162,0.21432167142975814,10
compas_real,MonoScore,ECE,0.06692776736479535,0.012918273593610205,0.06000155240912991,0.07485873847936904,10
compas_real,MonoScore,AUC,0.732203365183779,0.013237156418241329,0.7245646683464383,0.7396739383331661,10
compas_real,MonoScore,FPR,0.5042704626334519,0.02029128665882172,0.49287811387900354,0.5163701067615658,10
compas_real,MonoScore,FNR,0.1604754829123328,0.015039352600979671,0.15185364041604751,0.16924219910846947,10
compas_real,MonoScore,Cost,2.842303278991926,0.11091757378505515,2.778252724561505,2.906080094969674,10
compas_real,MonoScore,viol_rate,0.0,0.0,0.0,0.0,10
compas_real,MonoScore,viol_severity_mean,0.0,0.0,0.0,0.0,10
compas_real,MonoScore,empirical_viol_rate,0.0,0.0,0.0,0.0,10
compas_real,MonoScore,empirical_viol_severity,0.0,0.0,0.0,0.0,10
compas_real,MonoScore,Time,0.00533007000194623,0.0011831682258922902,0.004687966749406708,0.006037386505959072,10
compas_real,MonoXGB1,Accuracy,0.6578947368421052,0.01288922562269769,0.6508502024291498,0.665748987854251,10
compas_real,MonoXGB1,TrainAccuracy,0.6650037984299824,0.004427198689105309,0.6623955431754875,0.667662699417574,10
compas_real,MonoXGB1,Brier,0.2143249243497848,0.0025868124600521895,0.21294927693903443,0.21583680011332035,10
compas_real,MonoXGB1,ECE,0.02160024766376621,0.010302489054894037,0.016193744836427843,0.027953363493084842,10
compas_real,MonoXGB1,AUC,0.7092143321717703,0.008601454557504983,0.7039807912465034,0.7138955875587613,10
compas_real,MonoXGB1,FPR,0.5806049822064057,0.04558965949183559,0.5530249110320286,0.6048042704626334,10
compas_real,MonoXGB1,FNR,0.14294205052005943,0.021438881309034236,0.1326894502228826,0.15750371471025257,10
compas_real,MonoXGB1,Cost,3.188909012072147,0.1940054205067255,3.0726895625895625,3.2947441146298777,10
compas_real,MonoXGB1,viol_rate,0.0,0.0,0.0,0.0,10
compas_real,MonoXGB1,viol_severity_mean,0.0,0.0,0.0,0.0,10
compas_real,MonoXGB1,empirical_viol_rate,0.0,0.0,0.0,0.0,10
compas_real,MonoXGB1,empirical_viol_severity,0.0,0.0,0.0,0.0,10
compas_real,MonoXGB1,Time,0.09677855000045377,0.12230169933542608,0.02594262975191662,0.16994756575008063,10
compas_real,ODT,Accuracy,0.6785425101214575,0.009618639504024529,0.6734392712550606,0.6846983805668017,10
compas_real,ODT,TrainAccuracy,0.6763484426437072,0.0038541998148893366,0.674069384654343,0.6786528234996201,10
compas_real,ODT,Brier,0.3214574898785425,0.00961863950402455,0.31530161943319834,0.3265607287449393,10
compas_real,ODT,ECE,0.3214574898785425,0.009618639504024513,0.31530161943319834,0.32656072874493924,10
compas_real,ODT,AUC,0.6725055918947931,0.009418571805927525,0.6672846029886893,0.6785198499045545,10
compas_real,ODT,FPR,0.39466192170818504,0.03133783752259401,0.37793594306049816,0.4137055160142349,10
compas_real,ODT,FNR,0.2603268945022288,0.03020729247675846,0.24249628528974743,0.27712109955423475,10
compas_real,ODT,Cost,2.493963397545383,0.1131565181099413,2.4331804661763075,2.5618561785810603,10
compas_real,ODT,viol_rate,0.0,0.0,0.0,0.0,10
compas_real,ODT,viol_severity_mean,0.0,0.0,0.0,0.0,10
compas_real,ODT,empirical_viol_rate,0.0,0.0,0.0,0.0,10
compas_real,ODT,empirical_viol_severity,0.0,0.0,0.0,0.0,10
compas_real,ODT,Time,0.061210139998001935,0.004711775513675661,0.058589868247436214,0.0638929669977369,10
compas_real,XGB-Mono,Accuracy,0.6880971659919028,0.009826933912938074,0.6825101214574899,0.6938481781376519,10
compas_real,XGB-Mono,TrainAccuracy,0.6939731577614586,0.004312741822002851,0.6916434540389972,0.6967080273486959,10
compas_real,XGB-Mono,Brier,0.20540690422058105,0.0037401159059420393,0.20334243096411223,0.20763547699898482,10
compas_real,XGB-Mono,ECE,0.03059172311232152,0.006307854593217029,0.0272339142415114,0.034448373274065046,10
compas_real,XGB-Mono,AUC,0.7391971995579363,0.010929126703615706,0.7326659358425915,0.7452704434650181,10
compas_real,XGB-Mono,FPR,0.4071174377224199,0.02440887999544404,0.3932384341637011,0.42135231316725974,10
compas_real,XGB-Mono,FNR,0.23239227340267457,0.011704055859528033,0.22540861812778598,0.2392273402674591,10
compas_real,XGB-Mono,Cost,2.500371735417449,0.11278873316973026,2.4351296050509483,2.5659271308688454,10
compas_real,XGB-Mono,viol_rate,0.0,0.0,0.0,0.0,10
compas_real,XGB-Mono,viol_severity_mean,0.0,0.0,0.0,0.0,10
compas_real,XGB-Mono,empirical_viol_rate,0.0,0.0,0.0,0.0,10
compas_real,XGB-Mono,empirical_viol_severity,0.0,0.0,0.0,0.0,10
compas_real,XGB-Mono,Time,0.0602270000032149,0.0018970385805553113,0.05916887800380207,0.06136190700239237,10
german_real,CART,Accuracy,0.702,0.014181364924121748,0.6940000000000002,0.7100000000000001,10
german_real,CART,TrainAccuracy,0.7332812500000001,0.009938231541907008,0.7262500000000001,0.7384375,10
german_real,CART,Brier,0.21129822800286352,0.008889924246980594,0.20646998121919174,0.21650056060852685,10
german_real,CART,ECE,0.05770782753869043,0.019033154477914104,0.04736884317959637,0.06879958176567422,10
german_real,CART,AUC,0.5786428571428572,0.04145515856112229,0.5534700892857142,0.6022831845238095,10
german_real,CART,FPR,0.8616666666666666,0.08427248573438335,0.8150000000000001,0.9099999999999999,10
german_real,CART,FNR,0.056428571428571384,0.030759472113749815,0.03928571428571424,0.07571428571428565,10
german_real,CART,Cost,4.421190476190477,0.3720139363769244,4.216892857142857,4.6357261904761895,10
german_real,CART,viol_rate,0.15724999999999997,0.09981239346338154,0.09779249999999999,0.21556374999999992,10
german_real,CART,viol_severity_mean,0.055234989707724357,0.038437991072806314,0.03379830938275589,0.07890024188084227,10
german_real,CART,empirical_viol_rate,0.027100000000000003,0.025663203229526903,0.01345,0.04265125,10
german_real,CART,empirical_viol_severity,0.006919758544830551,0.0044891893606175855,0.004215412250455025,0.00940981072419148,10
german_real,CART,Time,0.00121478999935783,0.0008480921528958927,0.0008921207461752748,0.0017733190015496308,10
german_real,EMDT,Accuracy,0.6935,0.021479964825131523,0.681,0.7060125,10
german_real,EMDT,TrainAccuracy,0.7162499999999999,0.006215180787573477,0.7131249999999999,0.71984375,10
german_real,EMDT,Brier,0.3065,0.021479964825131568,0.29398749999999996,0.31899999999999995,10
german_real,EMDT,ECE,0.30649999999999994,0.021479964825131554,0.29398749999999996,0.31899999999999995,10
german_real,EMDT,AUC,0.5196428571428572,0.024502160784183488,0.5059523809523809,0.5341666666666667,10
german_real,EMDT,FPR,0.915,0.04475585346916184,0.8866666666666667,0.9383333333333332,10
german_real,EMDT,FNR,0.04571428571428566,0.026555892368759423,0.029999999999999936,0.061428571428571374,10
german_real,EMDT,Cost,4.666428571428571,0.22322463820790162,4.53,4.783107142857143,10
german_real,EMDT,viol_rate,0.0,0.0,0.0,0.0,10
german_real,EMDT,viol_severity_mean,0.0,0.0,0.0,0.0,10
german_real,EMDT,empirical_viol_rate,0.0,0.0,0.0,0.0,10
german_real,EMDT,empirical_viol_severity,0.0,0.0,0.0,0.0,10
german_real,EMDT,Time,9.240706589999899,11.14643852329052,3.9258254985025998,17.168956830746026,10
german_real,EMDT-Cell,Accuracy,0.704,0.017288403306519897,0.694,0.7135,10
german_real,EMDT-Cell,TrainAccuracy,0.715625,0.008300717422140239,0.7107773437499999,0.7203125,10
german_real,EMDT-Cell,Brier,0.296,0.017288403306519914,0.28650000000000003,0.30600000000000005,10
german_real,EMDT-Cell,ECE,0.29599999999999993,0.01728840330651993,0.2864999999999999,0.30599999999999994,10
german_real,EMDT-Cell,AUC,0.5376190476190476,0.02812817547371265,0.5219047619047619,0.5545267857142857,10
german_real,EMDT-Cell,FPR,0.8783333333333333,0.06575769212855687,0.8333333333333334,0.9133333333333331,10
german_real,EMDT-Cell,FNR,0.04642857142857139,0.023389146076653,0.03285714285714279,0.0614285714285714,10
german_real,EMDT-Cell,Cost,4.48452380952381,0.30533026120111284,4.282119047619047,4.649541666666666,10
german_real,EMDT-Cell,viol_rate,0.0,0.0,0.0,0.0,10
german_real,EMDT-Cell,viol_severity_mean,0.0,0.0,0.0,0.0,10
german_real,EMDT-Cell,empirical_viol_rate,0.0,0.0,0.0,0.0,10
german_real,EMDT-Cell,empirical_viol_severity,0.0,0.0,0.0,0.0,10
german_real,EMDT-Cell,Time,32.49231084999919,0.13404377317280577,32.40347017450131,32.55279831049745,10
german_real,EMDT-DP,Accuracy,0.6975,0.017360555546666358,0.6875,0.707,10
german_real,EMDT-DP,TrainAccuracy,0.7162499999999999,0.006215180787573477,0.7131249999999999,0.71984375,10
german_real,EMDT-DP,Brier,0.30249999999999994,0.0173605555466664,0.293,0.3125,10
german_real,EMDT-DP,ECE,0.30249999999999994,0.0173605555466664,0.293,0.3125,10
german_real,EMDT-DP,AUC,0.5229761904761905,0.020180044350106986,0.5119017857142857,0.5350029761904761,10
german_real,EMDT-DP,FPR,0.9133333333333333,0.04360314860077462,0.885,0.9366666666666665,10
german_real,EMDT-DP,FNR,0.04071428571428566,0.02587471997504222,0.026428571428571357,0.05716071428571415,10
german_real,EMDT-DP,Cost,4.648095238095237,0.20196752044496868,4.519041666666666,4.753571428571429,10
german_real,EMDT-DP,viol_rate,0.0,0.0,0.0,0.0,10
german_real,EMDT-DP,viol_severity_mean,0.0,0.0,0.0,0.0,10
german_real,EMDT-DP,empirical_viol_rate,0.0,0.0,0.0,0.0,10
german_real,EMDT-DP,empirical_viol_severity,0.0,0.0,0.0,0.0,10
german_real,EMDT-DP,Time,0.03474346000148214,0.001660539215339069,0.03382371874784438,0.03574469850300371,10
german_real,EMDT-Iso,Accuracy,0.694,0.014491376746189402,0.6849999999999999,0.702,10
german_real,EMDT-Iso,TrainAccuracy,0.7115625,0.010077822185373217,0.7059374999999999,0.71734375,10
german_real,EMDT-Iso,Brier,0.21314265713454308,0.010565914336933088,0.2081286183582008,0.2201125153350835,10
german_real,EMDT-Iso,ECE,0.030294093628240388,0.02597634183021507,0.017451560720369182,0.04699665934353384,10
german_real,EMDT-Iso,AUC,0.5196428571428572,0.024502160784183488,0.5059523809523809,0.5341666666666667,10
german_real,EMDT-Iso,FPR,0.9400000000000001,0.059421075364981944,0.9,0.9716666666666667,10
german_real,EMDT-Iso,FNR,0.034285714285714246,0.029315702803088338,0.01785714285714282,0.052857142857142804,10
german_real,EMDT-Iso,Cost,4.768571428571429,0.2579225881469911,4.599029761904761,4.899773809523809,10
german_real,EMDT-Iso,viol_rate,0.0,0.0,0.0,0.0,10
german_real,EMDT-Iso,viol_severity_mean,0.0,0.0,0.0,0.0,10
german_real,EMDT-Iso,empirical_viol_rate,0.0,0.0,0.0,0.0,10
german_real,EMDT-Iso,empirical_viol_severity,0.0,0.0,0.0,0.0,10
german_real,EMDT-Iso,Time,9.241611929995997,11.146799317038374,3.9265786569987173,17.17021536899185,10
german_real,LGBM-Adv,Accuracy,0.716,0.025364016506329048,0.7005,0.73,10
german_real,LGBM-Adv,TrainAccuracy,0.731875,0.007626252174051296,0.7268749999999999,0.73578125,10
german_real,LGBM-Adv,Brier,0.20037721834178876,0.00967353815877379,0.1951751613828133,0.20636999408112577,10
german_real,LGBM-Adv,ECE,0.07197213623347175,0.018692860935918557,0.06128688796989026,0.08255447423453387,10
german_real,LGBM-Adv,AUC,0.6397023809523809,0.030837444313387977,0.6226005952380952,0.6569526785714286,10
german_real,LGBM-Adv,FPR,0.7966666666666666,0.05317104939557955,0.7666666666666666,0.8266666666666665,10
german_real,LGBM-Adv,FNR,0.06428571428571427,0.02156044080508907,0.052142857142857144,0.0771428571428571,10
german_real,LGBM-Adv,Cost,4.111904761904762,0.28321437189605303,3.9502083333333333,4.275982142857143,10
german_real,LGBM-Adv,viol_rate,0.0,0.0,0.0,0.0,10
german_real,LGBM-Adv,viol_severity_mean,0.0,0.0,0.0,0.0,10
german_real,LGBM-Adv,empirical_viol_rate,0.0,0.0,0.0,0.0,10
german_real,LGBM-Adv,empirical_viol_severity,0.0,0.0,0.0,0.0,10
german_real,LGBM-Adv,Time,0.015573209998547059,0.0020305485382141213,0.014416624247642146,0.016788350002134345,10
german_real,LGBM-Mono,Accuracy,0.7084999999999999,0.024838366380348843,0.6930000000000001,0.722,10
german_real,LGBM-Mono,TrainAccuracy,0.728125,0.009688060019655373,0.72171484375,0.73328125,10
german_real,LGBM-Mono,Brier,0.20261744589632397,0.01084327213565682,0.19680610472379173,0.20930069955583053,10
german_real,LGBM-Mono,ECE,0.0763111717978689,0.02794029915382526,0.06036820995639418,0.09244927055577726,10
german_real,LGBM-Mono,AUC,0.6391964285714286,0.03260534955980159,0.62060625,0.6575002976190476,10
german_real,LGBM-Mono,FPR,0.77,0.05599823630379625,0.7383333333333333,0.8016666666666667,10
german_real,LGBM-Mono,FNR,0.08642857142857135,0.02367820931514633,0.0728571428571428,0.10142857142857138,10
german_real,LGBM-Mono,Cost,4.022857142857143,0.2889547282378772,3.864994047619047,4.197404761904762,10
german_real,LGBM-Mono,viol_rate,0.0,0.0,0.0,0.0,10
german_real,LGBM-Mono,viol_severity_mean,0.0,0.0,0.0,0.0,10
german_real,LGBM-Mono,empirical_viol_rate,0.0,0.0,0.0,0.0,10
german_real,LGBM-Mono,empirical_viol_severity,0.0,0.0,0.0,0.0,10
german_real,LGBM-Mono,Time,0.014255039997806251,0.004737371314735907,0.01229150199575083,0.017371848247275848,10
german_real,MonoRF,Accuracy,0.7074999999999999,0.009204467514322726,0.702,0.7125,10
german_real,MonoRF,TrainAccuracy,0.7184375000000001,0.007682953714410756,0.7140625,0.7229687499999999,10
german_real,MonoRF,Brier,0.19933406976480383,0.005111307214215462,0.19665304781601048,0.2025238048847601,10
german_real,MonoRF,ECE,0.049524946094182974,0.013832580195560077,0.0411550677585833,0.0573041103300147,10
german_real,MonoRF,AUC,0.6377619047619049,0.02827223192479809,0.6214404761904762,0.6526693452380952,10
german_real,MonoRF,FPR,0.9416666666666667,0.021154925294066443,0.9283333333333333,0.9549999999999998,10
german_real,MonoRF,FNR,0.01428571428571423,0.00890870806374747,0.009285714285714241,0.01999999999999994,10
german_real,MonoRF,Cost,4.736904761904762,0.10849093135810399,4.671666666666666,4.803571428571428,10
german_real,MonoRF,viol_rate,0.0,0.0,0.0,0.0,10
german_real,MonoRF,viol_severity_mean,0.0,0.0,0.0,0.0,10
german_real,MonoRF,empirical_viol_rate,0.0,0.0,0.0,0.0,10
german_real,MonoRF,empirical_viol_severity,0.0,0.0,0.0,0.0,10
german_real,MonoRF,Time,0.2121307300010812,0.01896207482410451,0.20107410549851915,0.2228794162538906,10
german_real,MonoScore,Accuracy,0.71,0.012692955176439858,0.7024999999999999,0.7169999999999999,10
german_real,MonoScore,TrainAccuracy,0.7121875,0.0068623621216669295,0.70828125,0.7160937500000001,10
german_real,MonoScore,Brier,0.20099104718030475,0.005141131942265804,0.1982032596507253,0.2041120293796266,10
german_real,MonoScore,ECE,0.05276084149042043,0.01695228320827382,0.0429299306315583,0.06267806450427943,10
german_real,MonoScore,AUC,0.6261190476190477,0.03014484851785249,0.6087208333333334,0.6432389880952383,10
german_real,MonoScore,FPR,0.9083333333333332,0.04530418452861132,0.8799999999999999,0.9333333333333332,10
german_real,MonoScore,FNR,0.02499999999999995,0.013984928719608032,0.01714285714285709,0.033589285714285586,10
german_real,MonoScore,Cost,4.591666666666667,0.21542100787156573,4.458809523809523,4.7083392857142865,10
german_real,MonoScore,viol_rate,0.0,0.0,0.0,0.0,10
german_real,MonoScore,viol_severity_mean,0.0,0.0,0.0,0.0,10
german_real,MonoScore,empirical_viol_rate,0.0,0.0,0.0,0.0,10
german_real,MonoScore,empirical_viol_severity,0.0,0.0,0.0,0.0,10
german_real,MonoScore,Time,0.0024875999995856,0.0020176778237025877,0.001652898750035022,0.003822688252330371,10
german_real,MonoXGB1,Accuracy,0.6980000000000001,0.01828782229912692,0.6875,0.7084999999999999,10
german_real,MonoXGB1,TrainAccuracy,0.721875,0.0056576981725001,0.7184375,0.725,10
german_real,MonoXGB1,Brier,0.20951749980449672,0.008324287528718919,0.20494442768394944,0.21417898613959546,10
german_real,MonoXGB1,ECE,0.06484363355487581,0.016745708842661952,0.05516415312215683,0.0754739515293389,10
german_real,MonoXGB1,AUC,0.5872976190476191,0.03549088195849728,0.567339136904762,0.607560119047619,10
german_real,MonoXGB1,FPR,0.9083333333333332,0.04321208107251122,0.8816666666666666,0.9316666666666666,10
german_real,MonoXGB1,FNR,0.04214285714285711,0.023678209315146314,0.029267857142857085,0.055714285714285675,10
german_real,MonoXGB1,Cost,4.6259523809523815,0.20920324804407175,4.503529761904762,4.743577380952382,10
german_real,MonoXGB1,viol_rate,0.0,0.0,0.0,0.0,10
german_real,MonoXGB1,viol_severity_mean,0.0,0.0,0.0,0.0,10
german_real,MonoXGB1,empirical_viol_rate,0.0,0.0,0.0,0.0,10
german_real,MonoXGB1,empirical_viol_severity,0.0,0.0,0.0,0.0,10
german_real,MonoXGB1,Time,0.015945459999784323,0.043878338422506484,0.00196707999857603,0.04374709850093492,10
german_real,ODT,Accuracy,0.6915000000000001,0.01684075743875881,0.682,0.702,10
german_real,ODT,TrainAccuracy,0.7246874999999999,0.005743353646704261,0.7214062499999999,0.7279687499999999,10
german_real,ODT,Brier,0.3085,0.016840757438758843,0.29800000000000004,0.31799999999999995,10
german_real,ODT,ECE,0.3085,0.01684075743875882,0.298,0.31799999999999995,10
german_real,ODT,AUC,0.5325,0.027556088155923766,0.5179732142857143,0.5495297619047619,10
german_real,ODT,FPR,0.865,0.07262707042160443,0.8216666666666665,0.9033333333333333,10
german_real,ODT,FNR,0.06999999999999998,0.03155098813995705,0.05283928571428567,0.08928571428571427,10
german_real,ODT,Cost,4.465,0.3217469518628046,4.269035714285714,4.635005952380952,10
german_real,ODT,viol_rate,0.09905,0.12499209975034423,0.035250000000000004,0.18180999999999997,10
german_real,ODT,viol_severity_mean,0.09905,0.12499209975034423,0.035250000000000004,0.18180999999999997,10
german_real,ODT,empirical_viol_rate,0.02025,0.010195995946121857,0.014598749999999999,0.026352499999999987,10
german_real,ODT,empirical_viol_severity,0.02025,0.010195995946121857,0.014598749999999999,0.026352499999999987,10
german_real,ODT,Time,30.45913773999782,0.09737760852096031,30.41063168774821,30.523432233748643,10
german_real,XGB-Mono,Accuracy,0.7020000000000001,0.016699966733167107,0.6920000000000001,0.7104999999999999,10
german_real,XGB-Mono,TrainAccuracy,0.73328125,0.009856005378138187,0.7275,0.7389062500000001,10
german_real,XGB-Mono,Brier,0.20367168784141537,0.010930866210147059,0.19776032358407972,0.21006643556058402,10
german_real,XGB-Mono,ECE,0.08246912041492757,0.014435637224379134,0.07438376622353678,0.09091583237582813,10
german_real,XGB-Mono,AUC,0.6391607142857143,0.034073491321650065,0.61953125,0.6582209821428572,10
german_real,XGB-Mono,FPR,0.7716666666666667,0.04377975178854569,0.745,0.795,10
german_real,XGB-Mono,FNR,0.09499999999999996,0.02284970116954301,0.08285714285714282,0.10857142857142854,10
german_real,XGB-Mono,Cost,4.048333333333334,0.2070958713359932,3.9245000000000005,4.163339285714287,10
german_real,XGB-Mono,viol_rate,0.0,0.0,0.0,0.0,10
german_real,XGB-Mono,viol_severity_mean,0.0,0.0,0.0,0.0,10
german_real,XGB-Mono,empirical_viol_rate,0.0,0.0,0.0,0.0,10
german_real,XGB-Mono,empirical_viol_severity,0.0,0.0,0.0,0.0,10
german_real,XGB-Mono,Time,0.023651679998147258,0.0025756562943521724,0.022262789499909518,0.02521760799343606,10
