Dataset,Method,Runs,Accuracy_Mean,Accuracy_Std,Accuracy_CI_L,Accuracy_CI_U,Brier_Mean,Brier_Std,Brier_CI_L,Brier_CI_U,ECE_Mean,ECE_Std,ECE_CI_L,ECE_CI_U,Cost_Mean,Cost_Std,Cost_CI_L,Cost_CI_U,FPR_Mean,FPR_Std,FPR_CI_L,FPR_CI_U,FNR_Mean,FNR_Std,FNR_CI_L,FNR_CI_U,viol_rate_Mean,viol_rate_Std,viol_rate_CI_L,viol_rate_CI_U,viol_severity_mean_Mean,viol_severity_mean_Std,viol_severity_mean_CI_L,viol_severity_mean_CI_U,Time_Mean,Time_Std,Time_CI_L,Time_CI_U
adult_income,CART,10,0.774,0.026907248094147428,0.758,0.791,0.1500142165058686,0.015336061979222703,0.13957536209193075,0.15892105542581214,0.042353000259826426,0.025709727942974072,0.027329338888712768,0.05834576205552808,1.7213333333333332,0.18421726303471128,1.6039999999999999,1.8280333333333332,0.08666666666666664,0.06985699678629191,0.044000000000000004,0.1293333333333333,0.6439999999999999,0.172,0.54,0.752,0.002,0.005670097000933935,5e-05,0.0059,0.0013751792629277287,0.004061394860203774,8.78787878787879e-06,0.004106240878796627,0.0030267477035521998,0.0020413783780037255,0.0018826389312743823,0.004269163608550967
adult_income,EMDT,10,0.76,0.04516635916254487,0.733,0.789,0.24000000000000005,0.04516635916254485,0.211,0.267,0.24,0.04516635916254486,0.211,0.2669999999999999,1.8573333333333335,0.3310347413792093,1.6440000000000001,2.054666666666666,0.06266666666666662,0.043019375479737804,0.03599999999999997,0.08933333333333329,0.772,0.12270289320142373,0.692,0.8400000000000001,0.0,0.0,0.0,0.0,0.0,0.0,0.0,0.0,3.880006527900696,0.6215139107909241,3.5193742138147357,4.323797777295113
adult_income,EMDT-Iso,10,0.76,0.04516635916254487,0.733,0.789,0.18069129489861896,0.024040748889957546,0.16541769880163032,0.19531333630619438,0.05435226590203527,0.03289103722850663,0.03449775222606946,0.07570641871959351,1.8573333333333335,0.3310347413792093,1.6440000000000001,2.054666666666666,0.06266666666666662,0.043019375479737804,0.03599999999999997,0.08933333333333329,0.772,0.12270289320142373,0.692,0.8400000000000001,0.0,0.0,0.0,0.0,0.0,0.0,0.0,0.0,3.827800226211548,0.44685673649029467,3.562490103840828,4.128358132243156
adult_income,LGBM-Mono,10,0.7870000000000001,0.037429934544425794,0.764,0.8099999999999999,0.14990321427086012,0.021651862847036872,0.13655550592541196,0.16342170326651395,0.09867573643089624,0.03528736710412109,0.07840183834506927,0.12100811906387086,1.6146666666666665,0.27587114544455155,1.4466333333333332,1.7827,0.08933333333333329,0.036781637931023264,0.06663333333333328,0.11199999999999996,0.584,0.11056219968868203,0.508,0.6439999999999999,0.0,0.0,0.0,0.0,0.0,0.0,0.0,0.0,0.01688582897186275,0.004481530126094509,0.014392054080963064,0.01990197002887721
adult_income,LGBM-Mono-Best,10,0.782,0.03218695387886217,0.7630000000000001,0.8029999999999999,0.1509694965562087,0.022469132887151928,0.13715032909608274,0.16487896253272089,0.09854334717255601,0.03668979180347594,0.07830007767454236,0.12225580099754453,1.6506666666666667,0.23909458844194323,1.4933333333333332,1.789333333333333,0.0933333333333333,0.03627058802329451,0.06933333333333329,0.11466666666666665,0.592,0.11285388783732708,0.516,0.6559999999999999,0.0,0.0,0.0,0.0,0.0,0.0,0.0,0.0,0.034761214256286574,0.011659091548543752,0.028737750649452158,0.042693241834640454
adult_income,MonoRF,10,0.7929999999999999,0.024103941586387883,0.779,0.8099999999999999,0.1435847381658199,0.014072766970533397,0.13424130699963308,0.15153283928290903,0.07063398444114141,0.015249829611672521,0.06174852257442538,0.07997300091290757,1.6386666666666667,0.18623282918612022,1.5093333333333332,1.7466999999999997,0.017333333333333308,0.015832456116050546,0.00799999999999998,0.026666666666666637,0.776,0.08616263691415205,0.72,0.8320000000000001,0.0,0.0,0.0,0.0,2.2204460492503132e-20,4.4408920985006264e-20,0.0,5.551115123125783e-20,0.4432478904724121,0.06514516407851763,0.4015704143047333,0.47929545640945437
adult_income,MonoScore,10,0.7670000000000001,0.018466185312619406,0.756,0.778,0.1509948442576782,0.01203528404845849,0.14371307947198336,0.15875879798875756,0.08011684047279156,0.024747001737188645,0.06513208599481897,0.09546299446707132,1.8173333333333335,0.13715198382329974,1.7306666666666668,1.8986666666666665,0.046666666666666634,0.026832815729997475,0.030666666666666637,0.06266666666666665,0.792,0.07959899496852961,0.744,0.8400000000000001,0.0,0.0,0.0,0.0,0.0,0.0,0.0,0.0,0.00657393932342525,0.00203205052763424,0.005313618779182401,0.007820730805396971
adult_income,MonoXGB1,10,0.7689999999999999,0.031128764832546788,0.749,0.7889999999999999,0.1611548066139221,0.01958604388641242,0.14953835170716043,0.17394045498222108,0.056542699903249706,0.0318838765277018,0.038333148054033477,0.07717737822402262,1.7559999999999998,0.23679714712996203,1.6066333333333334,1.9013999999999998,0.09199999999999997,0.05110338105796479,0.05999999999999998,0.12133333333333332,0.648,0.16178998732925348,0.5520000000000002,0.748,0.0,0.0,0.0,0.0,0.0,0.0,0.0,0.0,0.006644010543823189,0.0008797702750353622,0.0061091691255568984,0.007179384231567321
adult_income,ODT,10,0.767,0.04075536774462967,0.742,0.7939999999999999,0.233,0.040755367744629664,0.20600000000000002,0.258,0.233,0.040755367744629664,0.20600000000000002,0.258,1.8066666666666666,0.3024786493842719,1.6106666666666665,1.9893666666666665,0.057333333333333306,0.03479463560186638,0.03733333333333329,0.07999999999999997,0.76,0.11593101396951548,0.6879,0.8280000000000001,0.01225,0.009826622003516774,0.007800000000000001,0.019150000000000004,0.01225,0.009826622003516774,0.007800000000000001,0.019150000000000004,4.546120977401733,1.5398021111770979,3.7075168114900587,5.722052965164184
adult_income,XGB-Mono,10,0.794,0.04054626986542659,0.769,0.819,0.14783260655983457,0.02464821378715452,0.1322203158482012,0.162713239259162,0.10067581331799733,0.03844697416321077,0.07901167115087443,0.12564220457542682,1.5586666666666666,0.2900084289962773,1.3706666666666667,1.7347,0.08933333333333329,0.04582090740650556,0.06133333333333331,0.11733333333333329,0.5559999999999999,0.10190191362285597,0.488,0.612,0.0,0.0,0.0,0.0,0.0,0.0,0.0,0.0,0.08027572631835932,0.026307154234322897,0.06469983458518977,0.09762565910816187
adult_income,XGB-Mono-Best,10,0.792,0.043312815655415435,0.7649999999999999,0.819,0.14946072101271396,0.0236041470662674,0.13451751458130576,0.16383064757689,0.09734916450409212,0.03651605210208686,0.07612212241340306,0.1206103070547658,1.5906666666666667,0.30782679112340655,1.3973,1.7853333333333334,0.0733333333333333,0.051380930314660504,0.0413333333333333,0.10399999999999995,0.612,0.1088852607105296,0.54,0.6759999999999999,0.0,0.0,0.0,0.0,0.0,0.0,0.0,0.0,0.08226220607757564,0.006310669467565728,0.0783270221948623,0.08610261797904964
bank_marketing,CART,10,0.884,0.01959591794226544,0.873,0.898,0.09309066491362371,0.01508027821430574,0.08300441720746081,0.10177410471640468,0.06194031396295826,0.02181228087110378,0.04853562161664557,0.07515822825358806,1.681920326864147,0.28414254962129726,1.4752732379979572,1.8412997957099078,0.038202247191011195,0.02668391480233239,0.02247191011235952,0.056179775280898826,0.7454545454545455,0.17152692967375646,0.6272727272727272,0.8454545454545455,0.13365,0.13721371104958863,0.049598750000000004,0.21775624999999998,0.05186020682348965,0.05594054566720588,0.017946964262771176,0.08559709229590295,0.0042274475097655705,0.0029909256050801147,0.0024122411012649043,0.006068066358566227
bank_marketing,EMDT,10,0.897,0.011874342087037927,0.889975,0.905,0.10300000000000001,0.011874342087037915,0.095,0.11002499999999987,0.10299999999999994,0.011874342087037922,0.09499999999999995,0.11002499999999982,1.7345250255362614,0.17737477673231505,1.6254341164453525,1.8436159346271705,0.01235955056179771,0.009333285239233772,0.006741573033707831,0.01797752808988759,0.8363636363636365,0.08907235428302468,0.7818181818181819,0.890909090909091,0.0,0.0,0.0,0.0,0.0,0.0,0.0,0.0,2.583142900466919,0.2226314776545219,2.4518241119384765,2.7241702395677563
bank_marketing,EMDT-Iso,10,0.897,0.011874342087037927,0.889975,0.905,0.09073234847168091,0.008748214487697697,0.0852593299524083,0.0963549027828908,0.01672830558580057,0.011080797934628739,0.01019590782667449,0.023868573087132708,1.7345250255362614,0.17737477673231505,1.6254341164453525,1.8436159346271705,0.01235955056179771,0.009333285239233772,0.006741573033707831,0.01797752808988759,0.8363636363636365,0.08907235428302468,0.7818181818181819,0.890909090909091,0.0,0.0,0.0,0.0,0.0,0.0,0.0,0.0,2.54867901802063,0.2898887840759382,2.3807927095890045,2.7364355140924452
bank_marketing,LGBM-Mono,10,0.8859999999999999,0.023323807579381222,0.8729999999999999,0.9010000000000001,0.08792924921052947,0.01759723638490121,0.07626695516443133,0.0985102051645653,0.08114878945082266,0.022179266454068224,0.06619752864724139,0.09466234665004507,1.6958120531154244,0.28822095869439407,1.512326353421859,1.863738508682329,0.03370786516853928,0.02247191011235955,0.02022471910112355,0.04719101123595502,0.7636363636363637,0.1420045395619392,0.6727272727272726,0.8454545454545455,0.0,0.0,0.0,0.0,0.0,0.0,0.0,0.0,0.01765096187591548,0.006573892942097073,0.014373899698257387,0.022132779955863914
bank_marketing,LGBM-Mono-Best,10,0.884,0.024979991993593614,0.8690000000000001,0.9,0.0884937794334022,0.017441565913260106,0.07698001723854003,0.09900787428662801,0.07723390588668058,0.02121243074442146,0.06375579293748142,0.09061462436576412,1.6944841675178755,0.2725644232672562,1.515620531154239,1.851182328907048,0.037078651685393205,0.025149471107415042,0.021348314606741532,0.051685393258426915,0.7545454545454546,0.12888588071598028,0.6727272727272726,0.8272727272727274,0.0,0.0,0.0,0.0,0.0,0.0,0.0,0.0,0.050456619262695276,0.013582886873362374,0.04190299630165096,0.058830981254577586
bank_marketing,MonoRF,10,0.8939999999999999,0.014966629547095779,0.885,0.9029999999999999,0.08232617610975695,0.009713377394715133,0.0756678659630066,0.08796311775573591,0.05754138574439025,0.02109469819226868,0.045449089831033095,0.07209056687819682,1.864453524004086,0.23555500269385848,1.7119458631256383,1.9973442288049033,0.005617977528089869,0.010359038716059409,0.0,0.012359550561797729,0.9181818181818182,0.11818181818181818,0.8363636363636363,0.9818181818181818,0.0,0.0,0.0,0.0,0.0,0.0,0.0,0.0,0.4589604616165161,0.11349303462526619,0.3891475427150726,0.5305709147453308
bank_marketing,MonoScore,10,0.8959999999999999,0.01200000000000001,0.8880000000000001,0.9030000000000001,0.08410060214629869,0.011762545437171019,0.07598025453298611,0.09093243425345288,0.046878828339233146,0.011693358467093289,0.03996197014745713,0.05458578473350141,1.7903983656792648,0.13926816823339913,1.7077630234933605,1.8786516853932582,0.00898876404494378,0.009795278524810486,0.00337078651685391,0.015730337078651638,0.8727272727272728,0.060302268915552716,0.8363636363636365,0.9090909090909094,0.0,0.0,0.0,0.0,0.0,0.0,0.0,0.0,0.00643126964569085,0.0033392491039990744,0.004532518386840755,0.00861483156681053
bank_marketing,MonoXGB1,10,0.861,0.019723082923316038,0.8489999999999999,0.873,0.10826458483934398,0.013875037183197736,0.10065794033929701,0.11708030819892878,0.06709147879481311,0.018709694963218164,0.056053441228251864,0.07871554729593913,1.7483146067415731,0.16116610953671287,1.6432073544433095,1.8451659856996934,0.06966292134831456,0.030065366652268867,0.051685393258426936,0.08876404494382016,0.7000000000000001,0.1153507049131775,0.6272727272727272,0.7636363636363637,0.0,0.0,0.0,0.0,0.0,0.0,0.0,0.0,0.00651762485504144,0.0009701727956583189,0.005906823873519827,0.007082179188728269
bank_marketing,ODT,10,0.8879999999999999,0.011661903789690611,0.8800000000000001,0.8950000000000001,0.11200000000000003,0.0116619037896906,0.10500000000000001,0.12000000000000002,0.11199999999999996,0.01166190378969062,0.10499999999999998,0.11999999999999997,1.772522982635342,0.19788058092043403,1.6468105209397341,1.8941777323799793,0.0235955056179775,0.015446884365019687,0.014606741573033679,0.03258426966292133,0.8272727272727274,0.11818181818181821,0.7545454545454546,0.890909090909091,0.02445,0.037388801799469316,0.0,0.0489,0.02445,0.037388801799469316,0.0,0.0489,2.5742071628570558,0.2805639465214194,2.4046854764223102,2.7478553426265715
bank_marketing,XGB-Mono,10,0.882,0.023579652245103215,0.869,0.898,0.0890227301972206,0.0172242836423034,0.07733945751794509,0.09938963700746649,0.07708168504737836,0.02559450863134612,0.06046993765011644,0.09305727164836347,1.7057201225740548,0.29155476099863536,1.5199106230847805,1.8763023493360573,0.03932584269662916,0.023702273156998868,0.02471910112359544,0.05393258426966287,0.7545454545454546,0.1468681311036683,0.6636363636363636,0.8363636363636365,0.0,0.0,0.0,0.0,0.0,0.0,0.0,0.0,0.06410217285156244,0.011047667785060956,0.057381501197814884,0.07114288866519924
bank_marketing,XGB-Mono-Best,10,0.885,0.02202271554554526,0.8720000000000001,0.9,0.0908955460105395,0.017381481911864984,0.07907383571196439,0.10131967761742144,0.07622399764726283,0.022810344816165302,0.062123530129607356,0.09099217332091862,1.6763023493360574,0.29988451248246023,1.4859039836567924,1.8554647599591423,0.037078651685393205,0.02013086839007744,0.024719101123595447,0.049438202247190956,0.7454545454545455,0.15102952478032866,0.6543181818181818,0.8363636363636363,0.0,0.0,0.0,0.0,0.0,0.0,0.0,0.0,0.10511362552642818,0.014404533663495506,0.09663901627063748,0.1139385318756103
compas_real,CART,10,0.664,0.02199999999999998,0.651,0.679,0.21800645639477315,0.010089907148653557,0.21229508989679774,0.22440833065809201,0.08395496083606696,0.0225861784621907,0.07067788425157705,0.09775596170083535,3.0082828282828284,0.3087480107621369,2.819166666666666,3.1981818181818182,0.5311111111111111,0.08517230176327469,0.48,0.5822222222222222,0.17636363636363633,0.07498760228109558,0.13272727272727267,0.22181818181818178,0.043800000000000006,0.05824311118063664,0.014093750000000002,0.08555749999999997,0.012472071901505264,0.01900920467091643,0.0025644701454255567,0.02628815003596626,0.0007245302200316999,0.00010500309625877867,0.0006627911329268875,0.0007910293340682739
compas_real,EMDT,10,0.651,0.028792360097775933,0.6319999999999999,0.6679999999999999,0.349,0.02879236009777593,0.33199999999999996,0.368,0.34900000000000003,0.028792360097775947,0.33199999999999996,0.368,3.0705050505050506,0.31624060716524505,2.8892878787878784,3.270383838383838,0.5355555555555556,0.07058835633008265,0.4955555555555556,0.5799999999999998,0.19636363636363632,0.045852800774249074,0.16727272727272724,0.22363636363636358,0.0,0.0,0.0,0.0,0.0,0.0,0.0,0.0,2.2247071266174316,0.27302258653722167,2.0288849753141402,2.3865472853183745
compas_real,EMDT-Iso,10,0.651,0.028792360097775933,0.6319999999999999,0.6679999999999999,0.22781028358272098,0.01058494663461956,0.22186965347307122,0.23501958951160928,0.03177371509480721,0.02270455603436125,0.021354040073117427,0.04800706102366145,3.0705050505050506,0.31624060716524505,2.8892878787878784,3.270383838383838,0.5355555555555556,0.07058835633008265,0.4955555555555556,0.5799999999999998,0.19636363636363632,0.045852800774249074,0.16727272727272724,0.22363636363636358,0.0,0.0,0.0,0.0,0.0,0.0,0.0,0.0,2.251176595687866,0.3602043584544541,2.019800724387169,2.466518197059631
compas_real,LGBM-Mono,10,0.663,0.035510561809129405,0.64,0.6839999999999999,0.2130230216667767,0.016180945651013606,0.2040036036821736,0.22312789881379025,0.08967816180700698,0.019661949451710823,0.07761678117229809,0.10218726620728867,2.735353535353535,0.3730301799473001,2.5096969696969693,2.968484848484848,0.4488888888888889,0.07423685817106694,0.40444444444444444,0.49555555555555547,0.24545454545454543,0.023354968324845696,0.2290909090909091,0.2581818181818182,0.0,0.0,0.0,0.0,0.0,0.0,0.0,0.0,0.012213420867919872,0.00224486456034785,0.010887122154235788,0.013600730895996038
compas_real,LGBM-Mono-Best,10,0.6639999999999999,0.03292415526630864,0.644,0.6839999999999999,0.21338889928789465,0.016227594373060865,0.20436894294267755,0.22354649861191775,0.1022841028195139,0.022440843276471736,0.08801581589443147,0.11648787750660404,2.6644444444444444,0.3197379934423906,2.4682828282828284,2.8638484848484844,0.4288888888888889,0.0652062255605387,0.3888888888888889,0.4688888888888889,0.25999999999999995,0.03987584036265693,0.23454545454545453,0.28545454545454535,0.0,0.0,0.0,0.0,0.0,0.0,0.0,0.0,0.02809369564056391,0.005552471725653067,0.02473962426185604,0.03164196491241449
compas_real,MonoRF,10,0.6699999999999999,0.03521363372331801,0.645975,0.6900000000000001,0.21824043185654468,0.007559851942184047,0.21380887411689575,0.2227736185705621,0.10471430916008603,0.02419613407804349,0.09092562525338688,0.12037062047162046,3.0014141414141413,0.2764520060735233,2.8428232323232328,3.1929343434343442,0.5355555555555556,0.052068331172711035,0.5044444444444445,0.5688888888888888,0.16181818181818175,0.048412825293434006,0.13272727272727267,0.1927272727272727,0.0,0.0,0.0,0.0,2.7755575615628915e-21,8.326672684688675e-21,0.0,8.326672684688675e-21,0.2647251129150391,0.02865683306822083,0.2452883505821228,0.2804573380947113
compas_real,MonoScore,10,0.6759999999999999,0.0496386945839634,0.6419749999999999,0.704,0.21997293895224673,0.010753726506368229,0.21375110373514528,0.2264428136301061,0.11843701606975314,0.012309600963723046,0.11148675411744692,0.12689050909289182,2.9496969696969697,0.43554679438725075,2.7125252525252526,3.2410202020202017,0.5266666666666666,0.08137703743822469,0.4800000000000001,0.5777777777777778,0.15818181818181815,0.05081159495448044,0.1272727272727272,0.19090909090909086,0.0,0.0,0.0,0.0,0.0,0.0,0.0,0.0,0.00915124416351313,0.00288057322820632,0.0074352437257766335,0.01089155673980706
compas_real,MonoXGB1,10,0.664,0.02576819745345024,0.646,0.6779999999999999,0.2149697452783584,0.008019122218571055,0.21083449959754944,0.22033868052065367,0.06620583370327945,0.022543252026188825,0.0536383370555937,0.08119882789142424,3.1204040404040407,0.30513504748613685,2.956762626262626,3.331328282828283,0.5644444444444445,0.07450246495217873,0.5222222222222221,0.6133333333333333,0.14909090909090905,0.05738085032021638,0.11636363636363631,0.18549999999999975,0.0,0.0,0.0,0.0,0.0,0.0,0.0,0.0,0.027229976654052697,0.06478098637128064,0.00515675544738764,0.07063192367553704
compas_real,ODT,10,0.634,0.036110940170535566,0.6100000000000001,0.6539999999999999,0.366,0.03611094017053558,0.346,0.39,0.366,0.03611094017053556,0.346,0.38999999999999996,3.229494949494949,0.3050962571884369,3.046444444444444,3.4182424242424236,0.5644444444444444,0.06681465057054628,0.52,0.6044444444444443,0.20363636363636362,0.0649475312708791,0.16909090909090904,0.24909090909090909,0.0526,0.06446192674749956,0.016798749999999998,0.09760624999999996,0.0526,0.06446192674749956,0.016798749999999998,0.09760624999999996,2.188111996650696,0.344674417996114,1.959578675031662,2.3884995132684703
compas_real,XGB-Mono,10,0.654,0.030397368307141324,0.634,0.672,0.21659641384388273,0.016821951660128804,0.20705888673459613,0.2273094824750039,0.09945319292601197,0.025015264637020137,0.08464201443316413,0.11513109933463854,2.9026262626262627,0.31080504425299915,2.7175707070707067,3.0985909090909085,0.48888888888888893,0.06285393610547087,0.45111111111111113,0.5266666666666666,0.22909090909090907,0.029541957835039854,0.21090909090909088,0.24727272727272723,0.0,0.0,0.0,0.0,0.0,0.0,0.0,0.0,0.05729999542236321,0.03506848984831558,0.04223551094532005,0.0816237157583236
compas_real,XGB-Mono-Best,10,0.649,0.031128764832546757,0.629,0.6679999999999999,0.2162883464122273,0.014238650698238549,0.20809395349231877,0.22532981083056422,0.11432600357942277,0.021774668927768102,0.10074598416490477,0.1274531145188957,2.8983838383838383,0.33865726929496376,2.687267676767677,3.1028989898989896,0.4822222222222222,0.07306347654566042,0.43777777777777765,0.5244444444444444,0.2436363636363636,0.041620084153671265,0.22181818181818175,0.2709090909090909,0.0,0.0,0.0,0.0,0.0,0.0,0.0,0.0,0.0761221885681152,0.009373289389629042,0.07046199858188626,0.08194206178188321
german_real,CART,10,0.6909999999999998,0.03780211634287159,0.666,0.7140000000000001,0.22162501167464016,0.01850598547316993,0.20999178735847732,0.23328561115995966,0.10745405081486725,0.02922149404850266,0.08893445842979954,0.12518605725446946,4.4871428571428575,0.34046153814625835,4.282380952380953,4.701904761904762,0.8700000000000001,0.06574360974438676,0.8300000000000001,0.9100000000000001,0.06857142857142852,0.04642307659791977,0.03999999999999995,0.09714285714285709,0.25745000000000007,0.08396887816328144,0.20979750000000005,0.31015875,0.10273997609279525,0.03835447700586807,0.0814351925865969,0.12689891239170992,0.0008319854736327599,0.00013999240582376532,0.0007658475637435322,0.000932838320732073
german_real,EMDT,10,0.6950000000000001,0.02061552812808828,0.683,0.7080249999999999,0.305,0.020615528128088305,0.291975,0.317,0.305,0.020615528128088305,0.29197499999999993,0.31699999999999995,4.544761904761905,0.1986941495851476,4.416654761904761,4.669523809523809,0.8866666666666667,0.04268749491621899,0.86,0.9133333333333334,0.05571428571428568,0.030937725468153893,0.03571428571428567,0.07428571428571426,0.0,0.0,0.0,0.0,0.0,0.0,0.0,0.0,15.482603454589844,0.09248585095430847,15.425040710568428,15.53909973502159
german_real,EMDT-Iso,10,0.6950000000000001,0.02061552812808828,0.683,0.7080249999999999,0.21085866725664046,0.008136790840319616,0.205566197635282,0.21558184328524632,0.03336408396134012,0.0202017383983008,0.02075397431196465,0.04487823254471933,4.544761904761905,0.1986941495851476,4.416654761904761,4.669523809523809,0.8866666666666667,0.04268749491621899,0.86,0.9133333333333334,0.05571428571428568,0.030937725468153893,0.03571428571428567,0.07428571428571426,0.0,0.0,0.0,0.0,0.0,0.0,0.0,0.0,15.481297898292542,0.07729534699164377,15.433533881306648,15.528069013953209
german_real,LGBM-Mono,10,0.6789999999999999,0.03238826948140327,0.659,0.6980000000000001,0.21179894395905544,0.019493881102207063,0.1994896343401057,0.22350479826765005,0.1166807603043463,0.03445900895606336,0.09620462040692111,0.1394510633443477,4.217619047619047,0.2506684939866817,4.074761904761905,4.3743333333333325,0.7966666666666666,0.045825756949558406,0.77,0.8266666666666668,0.11714285714285715,0.03979539507766891,0.09428571428571426,0.14285714285714285,0.0,0.0,0.0,0.0,0.0,0.0,0.0,0.0,0.017397570610046348,0.009988299031131173,0.012304998636245684,0.02423124492168422
german_real,LGBM-Mono-Best,10,0.6839999999999999,0.0316859590355097,0.6649999999999999,0.704,0.21204763263130277,0.01909194583505168,0.20015536807246356,0.22360063183211798,0.11962153440136265,0.026696351513332096,0.10419837300943947,0.13702870745690135,4.161904761904762,0.2922739062611975,4.001904761904762,4.35904761904762,0.7866666666666667,0.05811865258054231,0.7566666666666666,0.8266666666666668,0.11428571428571425,0.04090806018078958,0.09,0.14142857142857138,0.0,0.0,0.0,0.0,0.0,0.0,0.0,0.0,0.03639676570892329,0.012234291941253101,0.029572053551673822,0.044057165980339
german_real,MonoRF,10,0.7129999999999999,0.01486606874731852,0.703,0.722,0.2008806011051373,0.008686886538705672,0.19528526846868863,0.20573126307691741,0.08460162894609888,0.02509486126838233,0.07137356582609258,0.10112941591085059,4.590000000000001,0.18723976649934718,4.4785714285714295,4.70952380952381,0.9099999999999999,0.03666666666666668,0.89,0.9333333333333333,0.01999999999999994,0.013093073414159526,0.011428571428571382,0.027142857142857087,0.0,0.0,0.0,0.0,0.0,0.0,0.0,0.0,0.3135719060897827,0.08175141662259415,0.2709947657585144,0.36516234397888186
german_real,MonoScore,10,0.7020000000000001,0.011661903789690611,0.696,0.7090000000000001,0.2028613179829867,0.009644497617162373,0.19644291426366323,0.20819707088309036,0.08997950200126643,0.025292988120995098,0.07338143658226527,0.10531967959056196,4.538571428571428,0.21433279905986005,4.4057023809523805,4.671904761904761,0.89,0.049553562491061666,0.8599166666666667,0.9200000000000002,0.04428571428571423,0.02428571428571431,0.029999999999999926,0.059999999999999956,0.0,0.0,0.0,0.0,0.0,0.0,0.0,0.0,0.009134531021118131,0.008002812304770422,0.005349011421203568,0.01470766127109526
german_real,MonoXGB1,10,0.6980000000000001,0.03249615361854383,0.679,0.7190000000000001,0.21247127950191494,0.017433915537439712,0.20170095250010486,0.22355137590318913,0.09992338366806504,0.03282268905385514,0.0807719511188566,0.12180686976835127,4.398095238095238,0.28117989174063346,4.236666666666666,4.577166666666667,0.8533333333333333,0.0581186525805423,0.8233333333333333,0.8933333333333333,0.06571428571428566,0.04615855548972432,0.03857142857142852,0.09432142857142835,0.0,0.0,0.0,0.0,0.0,0.0,0.0,0.0,0.006611275672912549,0.0010291900777346106,0.005965398550033525,0.0072471708059310466
german_real,ODT,10,0.6900000000000001,0.021447610589527186,0.677,0.7030249999999999,0.30999999999999994,0.021447610589527218,0.296975,0.323,0.30999999999999994,0.021447610589527193,0.296975,0.32299999999999995,4.4347619047619045,0.2930568424814034,4.2495119047619045,4.6152500000000005,0.8566666666666668,0.0650640709864771,0.8166666666666667,0.8966666666666667,0.07571428571428566,0.03502185906323219,0.05285714285714281,0.09574999999999978,0.02475,0.04467171924159625,0.0025,0.05825,0.02475,0.04467171924159625,0.0025,0.05825,15.489581561088562,0.11401035673964986,15.424242125153542,15.557458419799806
german_real,XGB-Mono,10,0.688,0.03515679166249387,0.666975,0.71,0.21501405982102595,0.020081600315315685,0.2027682707303484,0.2279412448928615,0.1309881958439946,0.03853549608068096,0.10795160971805452,0.15560688147991883,3.9985714285714287,0.2921501338015649,3.828035714285714,4.190964285714286,0.75,0.05000000000000003,0.72,0.7833333333333334,0.12428571428571426,0.03616853971763475,0.10285714285714283,0.1471428571428571,0.0,0.0,0.0,0.0,0.0,0.0,0.0,0.0,0.05009629726409909,0.010316688538717292,0.04419695675373073,0.056545343995094255
german_real,XGB-Mono-Best,10,0.688,0.03310589071449368,0.6660000000000001,0.708,0.21275328475339855,0.019545959516929785,0.20088884897757217,0.22520951281046436,0.12585525031387804,0.03269127249945329,0.10683014516923572,0.1482474872751161,4.136666666666668,0.3079965986206744,3.947071428571429,4.331452380952381,0.7833333333333333,0.0562731433871138,0.7466666666666667,0.82,0.10999999999999996,0.03443420226626842,0.08999999999999997,0.1328571428571428,0.0,0.0,0.0,0.0,0.0,0.0,0.0,0.0,0.08795847892761226,0.014875160761884833,0.07978830337524409,0.0972979742288589
