FunctionMask,Encoding,Errors,Status
0,subtree,0,OPTIMAL
0,cells,0,OPTIMAL
128,subtree,0,OPTIMAL
128,cells,0,OPTIMAL
136,subtree,0,OPTIMAL
136,cells,0,OPTIMAL
160,subtree,0,OPTIMAL
160,cells,0,OPTIMAL
168,subtree,0,OPTIMAL
168,cells,0,OPTIMAL
170,subtree,0,OPTIMAL
170,cells,0,OPTIMAL
192,subtree,0,OPTIMAL
192,cells,0,OPTIMAL
200,subtree,0,OPTIMAL
200,cells,0,OPTIMAL
204,subtree,0,OPTIMAL
204,cells,0,OPTIMAL
224,subtree,0,OPTIMAL
224,cells,0,OPTIMAL
232,subtree,1,OPTIMAL
232,cells,0,OPTIMAL
234,subtree,0,OPTIMAL
234,cells,0,OPTIMAL
236,subtree,0,OPTIMAL
236,cells,0,OPTIMAL
238,subtree,0,OPTIMAL
238,cells,0,OPTIMAL
240,subtree,0,OPTIMAL
240,cells,0,OPTIMAL
248,subtree,0,OPTIMAL
248,cells,0,OPTIMAL
250,subtree,0,OPTIMAL
250,cells,0,OPTIMAL
252,subtree,0,OPTIMAL
252,cells,0,OPTIMAL
254,subtree,0,OPTIMAL
254,cells,0,OPTIMAL
255,subtree,0,OPTIMAL
255,cells,0,OPTIMAL
