Dataset,Method,Runs,Accuracy_Mean,Accuracy_Std,Accuracy_CI_L,Accuracy_CI_U,Brier_Mean,Brier_Std,Brier_CI_L,Brier_CI_U,ECE_Mean,ECE_Std,ECE_CI_L,ECE_CI_U,FPR_Mean,FPR_Std,FPR_CI_L,FPR_CI_U,FNR_Mean,FNR_Std,FNR_CI_L,FNR_CI_U,Cost_Mean,Cost_Std,Cost_CI_L,Cost_CI_U,violations_Mean,violations_Std,violations_CI_L,violations_CI_U,viol_rate_Mean,viol_rate_Std,viol_rate_CI_L,viol_rate_CI_U,viol_severity_mean_Mean,viol_severity_mean_Std,viol_severity_mean_CI_L,viol_severity_mean_CI_U,viol_severity_cond_Mean,viol_severity_cond_Std,viol_severity_cond_CI_L,viol_severity_cond_CI_U,viol_severity_max_Mean,viol_severity_max_Std,viol_severity_max_CI_L,viol_severity_max_CI_U,Time_Mean,Time_Std,Time_CI_L,Time_CI_U,RelativeGap_Mean,RelativeGap_Std,RelativeGap_CI_L,RelativeGap_CI_U,OptimalRate,FeasibleRate
adult_income,CART,10,0.774,0.026907248094147428,0.758,0.791,0.1500142165058686,0.015336061979222687,0.1395753620919308,0.15892105542581214,0.04235300025982646,0.025709727942974065,0.02732933888871282,0.058345762055528105,0.08666666666666668,0.06985699678629192,0.044000000000000004,0.12933333333333336,0.6439999999999999,0.172,0.54,0.752,1.7213333333333334,0.18421726303471128,1.6039999999999999,1.8280333333333332,4.0,11.34019400186787,0.1,11.8,0.002,0.005670097000933935,5e-05,0.0059,0.0013751792629277415,0.004061394860203791,8.78787878787879e-06,0.004106240878796659,0.1099560490752975,0.21527193665006425,0.017575757575757578,0.28544891640866876,0.1385938199731303,0.2971504923069657,0.017575757575757578,0.3771876399462606,0.003026747703552246,0.0020413783780037437,0.0018826389312744142,0.004269163608551025,,,,,0.0,0.0
adult_income,EMDT,10,0.76,0.04516635916254487,0.733,0.789,0.24000000000000005,0.04516635916254485,0.211,0.267,0.24000000000000005,0.04516635916254486,0.211,0.267,0.06266666666666668,0.04301937547973781,0.036,0.08933333333333335,0.772,0.12270289320142373,0.692,0.8400000000000001,1.8573333333333335,0.3310347413792093,1.6440000000000001,2.054666666666667,0.0,0.0,0.0,0.0,0.0,0.0,0.0,0.0,0.0,0.0,0.0,0.0,0.0,0.0,0.0,0.0,0.0,0.0,0.0,0.0,3.880006527900696,0.6215139107909241,3.5193742138147357,4.323797777295113,0.0,0.0,0.0,0.0,1.0,1.0
adult_income,EMDT-Iso,10,0.76,0.04516635916254487,0.733,0.789,0.180691294898619,0.02404074888995754,0.16541769880163032,0.1953133363061944,0.054352265902035325,0.03289103722850662,0.03449775222606951,0.07570641871959356,0.06266666666666668,0.04301937547973781,0.036,0.08933333333333335,0.772,0.12270289320142373,0.692,0.8400000000000001,1.8573333333333335,0.3310347413792093,1.6440000000000001,2.054666666666667,0.0,0.0,0.0,0.0,0.0,0.0,0.0,0.0,0.0,0.0,0.0,0.0,0.0,0.0,0.0,0.0,0.0,0.0,0.0,0.0,3.827800226211548,0.44685673649029467,3.562490103840828,4.128358132243156,0.0,0.0,0.0,0.0,1.0,1.0
adult_income,LGBM-Mono,10,0.7870000000000001,0.037429934544425794,0.764,0.8099999999999999,0.14990321427086015,0.02165186284703688,0.13655550592541202,0.163421703266514,0.09867573643089626,0.035287367104121094,0.07840183834506932,0.1210081190638709,0.08933333333333335,0.03678163793102326,0.06663333333333334,0.11200000000000002,0.584,0.11056219968868203,0.508,0.6439999999999999,1.6146666666666665,0.2758711454445516,1.4466333333333332,1.7827,0.0,0.0,0.0,0.0,0.0,0.0,0.0,0.0,0.0,0.0,0.0,0.0,0.0,0.0,0.0,0.0,0.0,0.0,0.0,0.0,0.016885828971862794,0.0044815301260945056,0.014392054080963135,0.01990197002887725,,,,,0.0,0.0
adult_income,LGBM-Mono-Best,10,0.782,0.03218695387886217,0.7630000000000001,0.8029999999999999,0.15096949655620878,0.022469132887151928,0.13715032909608274,0.16487896253272097,0.09854334717255608,0.036689791803475924,0.07830007767454242,0.1222558009975446,0.09333333333333334,0.03627058802329451,0.06933333333333333,0.11466666666666667,0.592,0.11285388783732708,0.516,0.6559999999999999,1.6506666666666667,0.23909458844194326,1.4933333333333334,1.789333333333333,0.0,0.0,0.0,0.0,0.0,0.0,0.0,0.0,0.0,0.0,0.0,0.0,0.0,0.0,0.0,0.0,0.0,0.0,0.0,0.0,0.03476121425628662,0.011659091548543752,0.02873775064945221,0.042693241834640495,,,,,0.0,0.0
adult_income,MonoRF,10,0.7929999999999999,0.024103941586387883,0.779,0.8099999999999999,0.1435847381658199,0.014072766970533388,0.13424130699963313,0.15153283928290903,0.07063398444114147,0.015249829611672506,0.06174852257442544,0.07997300091290763,0.017333333333333333,0.015832456116050556,0.008,0.026666666666666665,0.776,0.08616263691415205,0.72,0.8320000000000001,1.6386666666666667,0.18623282918612027,1.5093333333333332,1.7466999999999997,0.0,0.0,0.0,0.0,0.0,0.0,0.0,0.0,2.2204460492503132e-20,4.4408920985006264e-20,0.0,5.551115123125783e-20,0.0,0.0,0.0,0.0,0.0,0.0,0.0,0.0,0.4432478904724121,0.06514516407851761,0.4015704143047333,0.47929545640945437,,,,,0.0,0.0
adult_income,MonoScore,10,0.7670000000000001,0.018466185312619406,0.756,0.778,0.15099484425767823,0.012035284048458493,0.1437130794719834,0.1587587979887576,0.08011684047279163,0.024747001737188645,0.06513208599481901,0.09546299446707138,0.04666666666666667,0.026832815729997475,0.030666666666666665,0.06266666666666668,0.792,0.07959899496852961,0.744,0.8400000000000001,1.8173333333333332,0.13715198382329977,1.7306666666666668,1.8986666666666667,0.0,0.0,0.0,0.0,0.0,0.0,0.0,0.0,0.0,0.0,0.0,0.0,0.0,0.0,0.0,0.0,0.0,0.0,0.0,0.0,0.006573939323425293,0.002032050527634258,0.005313618779182434,0.007820730805397033,,,,,0.0,0.0
adult_income,ODT,10,0.767,0.04075536774462967,0.742,0.7939999999999999,0.233,0.040755367744629664,0.20600000000000002,0.258,0.233,0.04075536774462967,0.20600000000000002,0.258,0.057333333333333326,0.034794635601866374,0.03733333333333333,0.07999999999999999,0.76,0.11593101396951548,0.6879,0.8280000000000001,1.8066666666666666,0.30247864938427194,1.6106666666666665,1.9893666666666665,24.5,19.653244007033546,15.6,38.3,0.01225,0.009826622003516774,0.007800000000000001,0.019150000000000004,0.01225,0.009826622003516774,0.007800000000000001,0.019150000000000004,1.0,0.0,1.0,1.0,1.0,0.0,1.0,1.0,4.546120977401733,1.5398021111770976,3.7075168114900587,5.722052965164184,0.0,0.0,0.0,0.0,1.0,1.0
adult_income,XGB-Mono,10,0.794,0.04054626986542659,0.769,0.819,0.1478326065598346,0.024648213787154528,0.13222031584820124,0.16271323925916203,0.10067581331799738,0.03844697416321077,0.07901167115087447,0.12564220457542682,0.08933333333333335,0.04582090740650555,0.06133333333333333,0.11733333333333333,0.5559999999999999,0.10190191362285597,0.488,0.612,1.5586666666666666,0.29000842899627743,1.3706666666666667,1.7347,0.0,0.0,0.0,0.0,0.0,0.0,0.0,0.0,0.0,0.0,0.0,0.0,0.0,0.0,0.0,0.0,0.0,0.0,0.0,0.0,0.08027572631835937,0.026307154234322883,0.06469983458518982,0.09762565910816193,,,,,0.0,0.0
adult_income,XGB-Mono-Best,10,0.792,0.043312815655415435,0.7649999999999999,0.819,0.149460721012714,0.02360414706626741,0.13451751458130579,0.16383064757689006,0.09734916450409217,0.03651605210208685,0.07612212241340312,0.12061030705476584,0.07333333333333333,0.05138093031466052,0.04133333333333333,0.10400000000000001,0.612,0.1088852607105296,0.54,0.6759999999999999,1.5906666666666667,0.30782679112340655,1.3972999999999998,1.7853333333333334,0.0,0.0,0.0,0.0,0.0,0.0,0.0,0.0,0.0,0.0,0.0,0.0,0.0,0.0,0.0,0.0,0.0,0.0,0.0,0.0,0.08226220607757569,0.006310669467565723,0.07832702219486237,0.08610261797904967,,,,,0.0,0.0
bank_marketing,CART,10,0.884,0.01959591794226544,0.873,0.898,0.09309066491362375,0.015080278214305723,0.08300441720746086,0.10177410471640472,0.061940313962958314,0.021812280871103762,0.04853562161664563,0.0751582282535881,0.03820224719101123,0.026683914802332398,0.02247191011235955,0.05617977528089887,0.7454545454545455,0.17152692967375643,0.6272727272727273,0.8454545454545455,1.681920326864147,0.2841425496212973,1.4752732379979572,1.8412997957099078,267.3,274.42742209917725,99.1975,435.51249999999993,0.13365,0.13721371104958863,0.049598750000000004,0.21775624999999998,0.0518602068234897,0.055940545667205896,0.0179469642627712,0.08559709229590301,0.34159277794621024,0.11377411245667061,0.2704558433584522,0.4122505139206824,0.5633142983142985,0.17781019970892648,0.44379132534132537,0.6635972473472473,0.004227447509765625,0.002990925605080119,0.0024122411012649538,0.006068066358566282,,,,,0.0,0.0
bank_marketing,EMDT,10,0.897,0.011874342087037927,0.889975,0.905,0.10300000000000001,0.011874342087037915,0.095,0.11002499999999987,0.10300000000000001,0.011874342087037916,0.095,0.11002499999999987,0.012359550561797753,0.009333285239233793,0.006741573033707865,0.01797752808988764,0.8363636363636363,0.08907235428302464,0.7818181818181819,0.8909090909090909,1.7345250255362614,0.17737477673231508,1.6254341164453525,1.8436159346271705,0.0,0.0,0.0,0.0,0.0,0.0,0.0,0.0,0.0,0.0,0.0,0.0,0.0,0.0,0.0,0.0,0.0,0.0,0.0,0.0,2.583142900466919,0.22263147765452188,2.4518241119384765,2.7241702395677563,0.0,0.0,0.0,0.0,1.0,1.0
bank_marketing,EMDT-Iso,10,0.897,0.011874342087037927,0.889975,0.905,0.09073234847168095,0.008748214487697711,0.08525932995240833,0.09635490278289083,0.0167283055858006,0.011080797934628728,0.010195907826674533,0.02386857308713274,0.012359550561797753,0.009333285239233793,0.006741573033707865,0.01797752808988764,0.8363636363636363,0.08907235428302464,0.7818181818181819,0.8909090909090909,1.7345250255362614,0.17737477673231508,1.6254341164453525,1.8436159346271705,0.0,0.0,0.0,0.0,0.0,0.0,0.0,0.0,0.0,0.0,0.0,0.0,0.0,0.0,0.0,0.0,0.0,0.0,0.0,0.0,2.54867901802063,0.2898887840759382,2.3807927095890045,2.7364355140924452,0.0,0.0,0.0,0.0,1.0,1.0
bank_marketing,LGBM-Mono,10,0.8859999999999999,0.023323807579381222,0.8729999999999999,0.9010000000000001,0.0879292492105295,0.017597236384901214,0.07626695516443133,0.09851020516456534,0.08114878945082268,0.022179266454068224,0.06619752864724145,0.09466234665004511,0.033707865168539325,0.022471910112359546,0.020224719101123594,0.04719101123595505,0.7636363636363637,0.14200453956193917,0.6727272727272727,0.8454545454545455,1.695812053115424,0.2882209586943939,1.512326353421859,1.8637385086823286,0.0,0.0,0.0,0.0,0.0,0.0,0.0,0.0,0.0,0.0,0.0,0.0,0.0,0.0,0.0,0.0,0.0,0.0,0.0,0.0,0.017650961875915527,0.006573892942097064,0.014373899698257446,0.022132779955863945,,,,,0.0,0.0
bank_marketing,LGBM-Mono-Best,10,0.884,0.024979991993593614,0.8690000000000001,0.9,0.08849377943340223,0.01744156591326011,0.07698001723854006,0.09900787428662804,0.07723390588668064,0.02121243074442147,0.06375579293748145,0.09061462436576417,0.03707865168539326,0.025149471107415045,0.021348314606741574,0.05168539325842696,0.7545454545454546,0.12888588071598023,0.6727272727272726,0.8272727272727272,1.6944841675178755,0.2725644232672563,1.515620531154239,1.851182328907048,0.0,0.0,0.0,0.0,0.0,0.0,0.0,0.0,0.0,0.0,0.0,0.0,0.0,0.0,0.0,0.0,0.0,0.0,0.0,0.0,0.05045661926269531,0.013582886873362373,0.041902996301651,0.058830981254577634,,,,,0.0,0.0
bank_marketing,MonoRF,10,0.8939999999999999,0.014966629547095779,0.885,0.9029999999999999,0.08232617610975698,0.009713377394715134,0.07566786596300663,0.08796311775573598,0.057541385744390286,0.021094698192268658,0.045449089831033164,0.07209056687819687,0.0056179775280898875,0.010359038716059425,0.0,0.012359550561797753,0.9181818181818182,0.11818181818181818,0.8363636363636363,0.9818181818181818,1.864453524004086,0.23555500269385848,1.7119458631256383,1.9973442288049033,0.0,0.0,0.0,0.0,0.0,0.0,0.0,0.0,0.0,0.0,0.0,0.0,0.0,0.0,0.0,0.0,0.0,0.0,0.0,0.0,0.4589604616165161,0.11349303462526618,0.3891475427150726,0.5305709147453308,,,,,0.0,0.0
bank_marketing,MonoScore,10,0.8959999999999999,0.01200000000000001,0.8880000000000001,0.9030000000000001,0.08410060214629875,0.011762545437171016,0.07598025453298618,0.0909324342534529,0.046878828339233174,0.011693358467093299,0.03996197014745716,0.05458578473350144,0.00898876404494382,0.009795278524810503,0.0033707865168539327,0.015730337078651686,0.8727272727272727,0.060302268915552695,0.8363636363636363,0.9090909090909092,1.7903983656792648,0.13926816823339916,1.7077630234933607,1.8786516853932582,0.0,0.0,0.0,0.0,0.0,0.0,0.0,0.0,0.0,0.0,0.0,0.0,0.0,0.0,0.0,0.0,0.0,0.0,0.0,0.0,0.006431269645690918,0.003339249103999081,0.004532518386840821,0.008614831566810607,,,,,0.0,0.0
bank_marketing,ODT,10,0.8879999999999999,0.011661903789690611,0.8800000000000001,0.8950000000000001,0.11200000000000003,0.0116619037896906,0.10500000000000001,0.12000000000000002,0.11199999999999996,0.011661903789690604,0.10500000000000001,0.12,0.023595505617977526,0.015446884365019686,0.014606741573033707,0.03258426966292135,0.8272727272727272,0.11818181818181818,0.7545454545454546,0.890909090909091,1.772522982635342,0.1978805809204341,1.6468105209397341,1.8941777323799793,48.9,74.77760359893864,0.0,97.8,0.02445,0.037388801799469316,0.0,0.0489,0.02445,0.037388801799469316,0.0,0.0489,0.3,0.45825756949558405,0.0,0.6,0.3,0.45825756949558405,0.0,0.6,2.5742071628570558,0.2805639465214195,2.4046854764223102,2.7478553426265715,0.0,0.0,0.0,0.0,1.0,1.0
bank_marketing,XGB-Mono,10,0.882,0.023579652245103215,0.869,0.898,0.08902273019722062,0.01722428364230339,0.07733945751794516,0.09938963700746656,0.07708168504737842,0.025594508631346127,0.06046993765011648,0.09305727164836353,0.03932584269662921,0.02370227315699886,0.024719101123595506,0.05393258426966292,0.7545454545454546,0.14686813110366828,0.6636363636363636,0.8363636363636365,1.7057201225740548,0.2915547609986353,1.5199106230847803,1.876302349336057,0.0,0.0,0.0,0.0,0.0,0.0,0.0,0.0,0.0,0.0,0.0,0.0,0.0,0.0,0.0,0.0,0.0,0.0,0.0,0.0,0.0641021728515625,0.011047667785060935,0.05738150119781494,0.07114288866519929,,,,,0.0,0.0
bank_marketing,XGB-Mono-Best,10,0.885,0.02202271554554526,0.8720000000000001,0.9,0.09089554601053954,0.01738148191186499,0.07907383571196443,0.10131967761742149,0.07622399764726288,0.022810344816165305,0.062123530129607404,0.09099217332091866,0.03707865168539326,0.020130868390077435,0.024719101123595506,0.04943820224719101,0.7454545454545455,0.15102952478032863,0.6543181818181818,0.8363636363636363,1.6763023493360572,0.2998845124824601,1.4859039836567924,1.8554647599591418,0.0,0.0,0.0,0.0,0.0,0.0,0.0,0.0,0.0,0.0,0.0,0.0,0.0,0.0,0.0,0.0,0.0,0.0,0.0,0.0,0.10511362552642822,0.014404533663495513,0.09663901627063752,0.11393853187561034,,,,,0.0,0.0
compas_real,CART,10,0.664,0.02199999999999998,0.651,0.679,0.21800645639477317,0.010089907148653566,0.2122950898967978,0.22440833065809207,0.08395496083606699,0.022586178462190697,0.0706778842515771,0.09775596170083536,0.5311111111111112,0.08517230176327467,0.48,0.5822222222222222,0.17636363636363636,0.07498760228109555,0.13272727272727272,0.22181818181818178,3.0082828282828284,0.30874801076213687,2.819166666666667,3.1981818181818182,87.6,116.48622236127325,28.1875,171.11499999999992,0.043800000000000006,0.05824311118063664,0.014093750000000002,0.08555749999999997,0.0124720719015053,0.01900920467091644,0.0025644701454255675,0.02628815003596631,0.15254549699855707,0.14794208743300974,0.07210262759793645,0.260201738406281,0.22534261681416093,0.2532776909298572,0.09238154299487494,0.4158957850567625,0.0007245302200317383,0.00010500309625876799,0.000662791132926941,0.0007910293340682984,,,,,0.0,0.0
compas_real,EMDT,10,0.651,0.028792360097775933,0.6319999999999999,0.6679999999999999,0.349,0.02879236009777593,0.33199999999999996,0.368,0.34900000000000003,0.02879236009777594,0.332,0.36800000000000005,0.5355555555555556,0.07058835633008265,0.4955555555555556,0.5799999999999998,0.19636363636363635,0.04585280077424906,0.16727272727272727,0.22363636363636363,3.0705050505050506,0.31624060716524494,2.8892878787878784,3.270383838383838,0.0,0.0,0.0,0.0,0.0,0.0,0.0,0.0,0.0,0.0,0.0,0.0,0.0,0.0,0.0,0.0,0.0,0.0,0.0,0.0,2.2247071266174316,0.27302258653722167,2.0288849753141402,2.3865472853183745,0.0,0.0,0.0,0.0,1.0,1.0
compas_real,EMDT-Iso,10,0.651,0.028792360097775933,0.6319999999999999,0.6679999999999999,0.22781028358272107,0.01058494663461955,0.22186965347307133,0.23501958951160934,0.03177371509480726,0.02270455603436124,0.021354040073117486,0.04800706102366149,0.5355555555555556,0.07058835633008265,0.4955555555555556,0.5799999999999998,0.19636363636363635,0.04585280077424906,0.16727272727272727,0.22363636363636363,3.0705050505050506,0.31624060716524494,2.8892878787878784,3.270383838383838,0.0,0.0,0.0,0.0,0.0,0.0,0.0,0.0,0.0,0.0,0.0,0.0,0.0,0.0,0.0,0.0,0.0,0.0,0.0,0.0,2.251176595687866,0.36020435845445414,2.019800724387169,2.466518197059631,0.0,0.0,0.0,0.0,1.0,1.0
compas_real,LGBM-Mono,10,0.663,0.035510561809129405,0.64,0.6839999999999999,0.21302302166677672,0.016180945651013603,0.20400360368217366,0.2231278988137903,0.08967816180700704,0.019661949451710826,0.07761678117229813,0.10218726620728871,0.4488888888888889,0.07423685817106694,0.40444444444444444,0.49555555555555547,0.24545454545454545,0.02335496832484568,0.2290909090909091,0.2581818181818182,2.735353535353535,0.3730301799473001,2.5096969696969693,2.968484848484848,0.0,0.0,0.0,0.0,0.0,0.0,0.0,0.0,0.0,0.0,0.0,0.0,0.0,0.0,0.0,0.0,0.0,0.0,0.0,0.0,0.012213420867919923,0.002244864560347853,0.01088712215423584,0.013600730895996093,,,,,0.0,0.0
compas_real,LGBM-Mono-Best,10,0.6639999999999999,0.03292415526630864,0.644,0.6839999999999999,0.21338889928789467,0.01622759437306086,0.20436894294267757,0.2235464986119178,0.10228410281951392,0.022440843276471736,0.0880158158944315,0.11648787750660408,0.4288888888888889,0.06520622556053869,0.3888888888888889,0.4688888888888889,0.26,0.03987584036265693,0.23454545454545456,0.28545454545454546,2.6644444444444444,0.3197379934423906,2.4682828282828284,2.8638484848484844,0.0,0.0,0.0,0.0,0.0,0.0,0.0,0.0,0.0,0.0,0.0,0.0,0.0,0.0,0.0,0.0,0.0,0.0,0.0,0.0,0.028093695640563965,0.005552471725653061,0.02473962426185608,0.03164196491241455,,,,,0.0,0.0
compas_real,MonoRF,10,0.6699999999999999,0.03521363372331801,0.645975,0.6900000000000001,0.21824043185654468,0.007559851942184053,0.2138088741168958,0.22277361857056216,0.10471430916008609,0.024196134078043482,0.09092562525338693,0.12037062047162048,0.5355555555555556,0.052068331172711035,0.5044444444444445,0.5688888888888888,0.1618181818181818,0.048412825293433985,0.13272727272727275,0.1927272727272727,3.0014141414141413,0.27645200607352327,2.8428232323232328,3.1929343434343442,0.0,0.0,0.0,0.0,0.0,0.0,0.0,0.0,2.7755575615628915e-21,8.326672684688675e-21,0.0,8.326672684688675e-21,0.0,0.0,0.0,0.0,0.0,0.0,0.0,0.0,0.2647251129150391,0.02865683306822083,0.2452883505821228,0.2804573380947113,,,,,0.0,0.0
compas_real,MonoScore,10,0.6759999999999999,0.0496386945839634,0.6419749999999999,0.704,0.21997293895224682,0.010753726506368225,0.21375110373514528,0.22644281363010615,0.11843701606975321,0.012309600963723062,0.11148675411744693,0.12689050909289185,0.5266666666666666,0.08137703743822469,0.4800000000000001,0.5777777777777778,0.15818181818181815,0.050811594954480434,0.12727272727272726,0.1909090909090909,2.9496969696969697,0.43554679438725075,2.7125252525252526,3.2410202020202017,0.0,0.0,0.0,0.0,0.0,0.0,0.0,0.0,0.0,0.0,0.0,0.0,0.0,0.0,0.0,0.0,0.0,0.0,0.0,0.0,0.009151244163513183,0.002880573228206328,0.0074352437257766725,0.010891556739807129,,,,,0.0,0.0
compas_real,ODT,10,0.634,0.036110940170535566,0.6100000000000001,0.6539999999999999,0.366,0.03611094017053558,0.346,0.39,0.366,0.03611094017053557,0.346,0.38999999999999996,0.5644444444444444,0.06681465057054628,0.52,0.6044444444444443,0.20363636363636362,0.0649475312708791,0.1690909090909091,0.2490909090909091,3.229494949494949,0.30509625718843697,3.0464444444444445,3.4182424242424236,105.2,128.92385349499915,33.597500000000004,195.21249999999992,0.0526,0.06446192674749956,0.016798749999999998,0.09760624999999996,0.0526,0.06446192674749956,0.016798749999999998,0.09760624999999996,0.8,0.4,0.5,1.0,0.8,0.4,0.5,1.0,2.188111996650696,0.344674417996114,1.959578675031662,2.3884995132684703,0.0,0.0,0.0,0.0,1.0,1.0
compas_real,XGB-Mono,10,0.654,0.030397368307141324,0.634,0.672,0.21659641384388273,0.016821951660128814,0.20705888673459613,0.22730948247500393,0.09945319292601199,0.025015264637020144,0.08464201443316416,0.11513109933463855,0.48888888888888893,0.06285393610547087,0.45111111111111113,0.5266666666666666,0.22909090909090907,0.029541957835039843,0.21090909090909088,0.24727272727272726,2.9026262626262627,0.31080504425299915,2.7175707070707067,3.0985909090909085,0.0,0.0,0.0,0.0,0.0,0.0,0.0,0.0,0.0,0.0,0.0,0.0,0.0,0.0,0.0,0.0,0.0,0.0,0.0,0.0,0.05729999542236328,0.03506848984831557,0.042235510945320125,0.08162371575832365,,,,,0.0,0.0
compas_real,XGB-Mono-Best,10,0.649,0.031128764832546757,0.629,0.6679999999999999,0.21628834641222738,0.014238650698238577,0.20809395349231877,0.22532981083056425,0.11432600357942282,0.02177466892776811,0.10074598416490481,0.12745311451889577,0.4822222222222223,0.07306347654566041,0.4377777777777777,0.5244444444444444,0.24363636363636365,0.04162008415367126,0.22181818181818183,0.2709090909090909,2.8983838383838383,0.3386572692949638,2.687267676767677,3.1028989898989896,0.0,0.0,0.0,0.0,0.0,0.0,0.0,0.0,0.0,0.0,0.0,0.0,0.0,0.0,0.0,0.0,0.0,0.0,0.0,0.0,0.07612218856811523,0.009373289389629036,0.07046199858188629,0.08194206178188324,,,,,0.0,0.0
german_real,CART,10,0.6909999999999998,0.03780211634287159,0.666,0.7140000000000001,0.2216250116746402,0.018505985473169922,0.20999178735847737,0.2332856111599597,0.1074540508148673,0.02922149404850266,0.0889344584297996,0.1251860572544695,0.8700000000000001,0.06574360974438671,0.8300000000000001,0.9100000000000001,0.06857142857142857,0.04642307659791977,0.039999999999999994,0.09714285714285714,4.4871428571428575,0.34046153814625835,4.282380952380953,4.701904761904762,514.9,167.93775632656286,419.595,620.3174999999999,0.25745000000000007,0.08396887816328144,0.20979750000000005,0.31015875,0.10273997609279532,0.03835447700586806,0.08143519258659696,0.12689891239170997,0.40116227304184965,0.08389596133926151,0.3508227269032373,0.4508723350068712,0.743368105324627,0.18588241719006118,0.6193028016669322,0.8555555555555555,0.0008319854736328125,0.00013999240582376681,0.0007658475637435913,0.0009328383207321166,,,,,0.0,0.0
german_real,EMDT,10,0.6950000000000001,0.02061552812808828,0.683,0.7080249999999999,0.305,0.020615528128088305,0.291975,0.317,0.305,0.020615528128088305,0.29197499999999993,0.317,0.8866666666666667,0.04268749491621898,0.86,0.9133333333333334,0.055714285714285716,0.03093772546815388,0.03571428571428571,0.07428571428571429,4.544761904761905,0.1986941495851476,4.416654761904761,4.669523809523809,0.0,0.0,0.0,0.0,0.0,0.0,0.0,0.0,0.0,0.0,0.0,0.0,0.0,0.0,0.0,0.0,0.0,0.0,0.0,0.0,15.482603454589844,0.09248585095430789,15.425040710568428,15.53909973502159,1.0337959011215487,0.147244375755355,0.944330802955265,1.120934747396153,0.0,1.0
german_real,EMDT-Iso,10,0.6950000000000001,0.02061552812808828,0.683,0.7080249999999999,0.21085866725664051,0.008136790840319614,0.205566197635282,0.21558184328524643,0.03336408396134016,0.020201738398300792,0.02075397431196468,0.04487823254471938,0.8866666666666667,0.04268749491621898,0.86,0.9133333333333334,0.055714285714285716,0.03093772546815388,0.03571428571428571,0.07428571428571429,4.544761904761905,0.1986941495851476,4.416654761904761,4.669523809523809,0.0,0.0,0.0,0.0,0.0,0.0,0.0,0.0,0.0,0.0,0.0,0.0,0.0,0.0,0.0,0.0,0.0,0.0,0.0,0.0,15.481297898292542,0.07729534699164389,15.433533881306648,15.528069013953209,1.0337959011215487,0.147244375755355,0.944330802955265,1.120934747396153,0.0,1.0
german_real,LGBM-Mono,10,0.6789999999999999,0.03238826948140327,0.659,0.6980000000000001,0.21179894395905544,0.01949388110220707,0.19948963434010575,0.22350479826765007,0.11668076030434635,0.03445900895606334,0.09620462040692118,0.13945106334434776,0.7966666666666666,0.045825756949558406,0.77,0.8266666666666668,0.11714285714285715,0.03979539507766891,0.09428571428571428,0.14285714285714288,4.217619047619047,0.2506684939866816,4.074761904761905,4.3743333333333325,0.0,0.0,0.0,0.0,0.0,0.0,0.0,0.0,0.0,0.0,0.0,0.0,0.0,0.0,0.0,0.0,0.0,0.0,0.0,0.0,0.017397570610046386,0.009988299031131175,0.012304998636245727,0.024231244921684263,,,,,0.0,0.0
german_real,LGBM-Mono-Best,10,0.6839999999999999,0.0316859590355097,0.6649999999999999,0.704,0.21204763263130277,0.019091945835051662,0.20015536807246362,0.22360063183211798,0.11962153440136272,0.026696351513332085,0.10419837300943953,0.13702870745690135,0.7866666666666667,0.058118652580542336,0.7566666666666666,0.8266666666666668,0.11428571428571428,0.04090806018078958,0.09000000000000001,0.1414285714285714,4.161904761904762,0.2922739062611975,4.001904761904762,4.35904761904762,0.0,0.0,0.0,0.0,0.0,0.0,0.0,0.0,0.0,0.0,0.0,0.0,0.0,0.0,0.0,0.0,0.0,0.0,0.0,0.0,0.03639676570892334,0.012234291941253101,0.029572053551673888,0.04405716598033905,,,,,0.0,0.0
german_real,MonoRF,10,0.7129999999999999,0.01486606874731852,0.703,0.722,0.2008806011051373,0.008686886538705682,0.19528526846868866,0.20573126307691744,0.08460162894609895,0.025094861268382323,0.07137356582609264,0.10112941591085066,0.9100000000000001,0.03666666666666666,0.89,0.9333333333333333,0.02,0.013093073414159542,0.011428571428571429,0.027142857142857146,4.590000000000001,0.18723976649934718,4.4785714285714295,4.70952380952381,0.0,0.0,0.0,0.0,0.0,0.0,0.0,0.0,0.0,0.0,0.0,0.0,0.0,0.0,0.0,0.0,0.0,0.0,0.0,0.0,0.3135719060897827,0.08175141662259415,0.2709947657585144,0.36516234397888186,,,,,0.0,0.0
german_real,MonoScore,10,0.7020000000000001,0.011661903789690611,0.696,0.7090000000000001,0.20286131798298673,0.009644497617162384,0.19644291426366325,0.2081970708830904,0.08997950200126648,0.02529298812099511,0.07338143658226531,0.105319679590562,0.89,0.04955356249106167,0.8599166666666667,0.9200000000000002,0.04428571428571429,0.024285714285714285,0.03,0.059999999999999984,4.538571428571428,0.21433279905986005,4.4057023809523805,4.671904761904761,0.0,0.0,0.0,0.0,0.0,0.0,0.0,0.0,0.0,0.0,0.0,0.0,0.0,0.0,0.0,0.0,0.0,0.0,0.0,0.0,0.009134531021118164,0.008002812304770408,0.0053490114212036135,0.014707661271095277,,,,,0.0,0.0
german_real,ODT,10,0.6900000000000001,0.021447610589527186,0.677,0.7030249999999999,0.30999999999999994,0.021447610589527218,0.296975,0.323,0.30999999999999994,0.02144761058952721,0.296975,0.323,0.8566666666666668,0.0650640709864771,0.8166666666666667,0.8966666666666667,0.0757142857142857,0.03502185906323218,0.05285714285714286,0.09574999999999981,4.4347619047619045,0.2930568424814034,4.2495119047619045,4.6152500000000005,49.5,89.34343848319249,5.0,116.5,0.02475,0.04467171924159625,0.0025,0.05825,0.02475,0.04467171924159625,0.0025,0.05825,0.3,0.45825756949558394,0.1,0.6,0.3,0.45825756949558394,0.1,0.6,15.489581561088562,0.11401035673964943,15.424242125153542,15.557458419799806,1.0160309139226444,0.1333887536413507,0.9358688935352052,1.095919430551066,0.0,1.0
german_real,XGB-Mono,10,0.688,0.03515679166249387,0.666975,0.71,0.21501405982102595,0.020081600315315692,0.20276827073034845,0.22794124489286155,0.1309881958439946,0.03853549608068096,0.10795160971805456,0.15560688147991888,0.75,0.05000000000000003,0.72,0.7833333333333334,0.12428571428571426,0.03616853971763476,0.10285714285714284,0.14714285714285716,3.9985714285714287,0.29215013380156474,3.828035714285714,4.190964285714284,0.0,0.0,0.0,0.0,0.0,0.0,0.0,0.0,0.0,0.0,0.0,0.0,0.0,0.0,0.0,0.0,0.0,0.0,0.0,0.0,0.05009629726409912,0.010316688538717303,0.044196956753730775,0.0565453439950943,,,,,0.0,0.0
german_real,XGB-Mono-Best,10,0.688,0.03310589071449368,0.6660000000000001,0.708,0.21275328475339855,0.01954595951692979,0.20088884897757223,0.22520951281046436,0.12585525031387806,0.0326912724994533,0.10683014516923577,0.14824748727511614,0.7833333333333333,0.0562731433871138,0.7466666666666667,0.82,0.10999999999999999,0.03443420226626843,0.09,0.13285714285714284,4.136666666666668,0.30799659862067436,3.947071428571429,4.331452380952381,0.0,0.0,0.0,0.0,0.0,0.0,0.0,0.0,0.0,0.0,0.0,0.0,0.0,0.0,0.0,0.0,0.0,0.0,0.0,0.0,0.0879584789276123,0.01487516076188483,0.07978830337524415,0.09729797422885894,,,,,0.0,0.0
