Accuracy,Brier,ECE,FPR,FNR,Cost,Time,violations,viol_rate,viol_severity_mean,viol_severity_cond,viol_severity_max,SolverStatus,Objective,BestBound,RelativeGap,SolverWallTime,Dataset,Seed,Method
0.66,0.2086113150111907,0.04948779472208267,0.5111111111111111,0.2,2.9555555555555553,0.0006895065307617188,127,0.0635,0.02052419597051206,0.3232156845749929,0.35476718403547675,NA,,,,,compas_real,42,CART
0.63,0.37,0.37,0.6444444444444445,0.14545454545454545,3.5131313131313133,1.7473318576812744,0,0.0,0.0,0.0,0.0,OPTIMAL,128.0,128.0,0.0,1.4479708,compas_real,42,ODT
0.64,0.36,0.36000000000000004,0.6444444444444445,0.12727272727272726,3.4767676767676767,2.1792514324188232,0,0.0,0.0,0.0,0.0,OPTIMAL,131.0,131.0,0.0,1.7497937000000001,compas_real,42,EMDT
0.64,0.2303504503872116,0.02925750053960703,0.6444444444444445,0.12727272727272726,3.4767676767676767,2.187126398086548,0,0.0,0.0,0.0,0.0,OPTIMAL,131.0,131.0,0.0,1.7353047000000001,compas_real,42,EMDT-Iso
0.65,0.21359050358935142,0.0907722901969383,0.6,0.14545454545454545,3.290909090909091,0.25861167907714844,0,0.0,0.0,0.0,0.0,NA,,,,,compas_real,42,MonoRF
0.64,0.20895653953147483,0.086673784814775,0.5111111111111111,0.23636363636363636,3.028282828282828,0.15991520881652832,0,0.0,0.0,0.0,0.0,NA,,,,,compas_real,42,XGB-Mono
0.64,0.20610925768835375,0.09001553540692439,0.5111111111111111,0.23636363636363636,3.028282828282828,0.01097726821899414,0,0.0,0.0,0.0,0.0,NA,,,,,compas_real,42,LGBM-Mono
0.64,0.20938606776818564,0.10141781080495242,0.6444444444444445,0.12727272727272726,3.4767676767676767,0.012749195098876953,0,0.0,0.0,0.0,0.0,NA,,,,,compas_real,42,MonoScore
0.63,0.210231762616953,0.0903024200350046,0.5111111111111111,0.2545454545454545,3.064646464646464,0.08416748046875,0,0.0,0.0,0.0,0.0,NA,,,,,compas_real,42,XGB-Mono-Best
0.63,0.20778592647698765,0.095348540326016,0.4888888888888889,0.2727272727272727,2.9898989898989896,0.03118300437927246,0,0.0,0.0,0.0,0.0,NA,,,,,compas_real,42,LGBM-Mono-Best
0.64,0.21398318648886522,0.07838162606047624,0.4666666666666667,0.2727272727272727,2.878787878787879,0.0009052753448486328,15,0.0075,9.83899821109127e-05,0.013118664281455028,0.013118664281455028,NA,,,,,compas_real,43,CART
0.66,0.34,0.34,0.4888888888888889,0.21818181818181817,2.8808080808080807,2.3157832622528076,263,0.1315,0.1315,1.0,1.0,OPTIMAL,128.0,128.0,0.0,1.8488844000000002,compas_real,43,ODT
0.64,0.36,0.36,0.4888888888888889,0.2545454545454545,2.9535353535353535,2.4539601802825928,0,0.0,0.0,0.0,0.0,OPTIMAL,134.0,134.0,0.0,2.0493755,compas_real,43,EMDT
0.64,0.23099241384635044,0.02703429101019453,0.4888888888888889,0.2545454545454545,2.9535353535353535,2.33998441696167,0,0.0,0.0,0.0,0.0,OPTIMAL,134.0,134.0,0.0,1.8978596,compas_real,43,EMDT-Iso
0.69,0.22415605749021508,0.08912001629855662,0.5555555555555556,0.10909090909090909,2.995959595959596,0.2771186828613281,0,0.0,0.0,0.0,0.0,NA,,,,,compas_real,43,MonoRF
0.64,0.22123669938224524,0.11579041566699744,0.5333333333333333,0.21818181818181817,3.103030303030303,0.04442119598388672,0,0.0,0.0,0.0,0.0,NA,,,,,compas_real,43,XGB-Mono
0.64,0.21696841384705132,0.07484567221733551,0.5111111111111111,0.23636363636363636,3.028282828282828,0.016397953033447266,0,0.0,0.0,0.0,0.0,NA,,,,,compas_real,43,LGBM-Mono
0.68,0.22298015007503239,0.11214455610234189,0.5111111111111111,0.16363636363636364,2.8828282828282825,0.011336088180541992,0,0.0,0.0,0.0,0.0,NA,,,,,compas_real,43,MonoScore
0.63,0.21975496702509734,0.13551205024123192,0.5111111111111111,0.2545454545454545,3.064646464646464,0.087738037109375,0,0.0,0.0,0.0,0.0,NA,,,,,compas_real,43,XGB-Mono-Best
0.64,0.22012912144689384,0.10271025548286082,0.5111111111111111,0.23636363636363636,3.028282828282828,0.02999401092529297,0,0.0,0.0,0.0,0.0,NA,,,,,compas_real,43,LGBM-Mono-Best
0.63,0.23779449262286875,0.10439606929007256,0.6444444444444445,0.14545454545454545,3.5131313131313133,0.0008914470672607422,19,0.0095,0.00039811721834193744,0.04190707561494078,0.04190707561494078,NA,,,,,compas_real,44,CART
0.55,0.45,0.44999999999999996,0.6222222222222222,0.3090909090909091,3.7292929292929293,2.342726707458496,132,0.066,0.066,1.0,1.0,OPTIMAL,120.0,120.0,0.0,1.9022430000000001,compas_real,44,ODT
0.59,0.41,0.41,0.6222222222222222,0.23636363636363636,3.583838383838384,2.362076759338379,0,0.0,0.0,0.0,0.0,OPTIMAL,125.0,125.0,0.0,1.8957254000000001,compas_real,44,EMDT
0.59,0.252422479338843,0.09690909090909083,0.6222222222222222,0.23636363636363636,3.583838383838384,2.923576831817627,0,0.0,0.0,0.0,0.0,OPTIMAL,125.0,125.0,0.0,2.4841996,compas_real,44,EMDT-Iso
0.58,0.23123756158584186,0.08567050593767173,0.6222222222222222,0.2545454545454545,3.6202020202020204,0.2873415946960449,0,0.0,0.0,0.0,0.0,NA,,,,,compas_real,44,MonoRF
0.59,0.25395193869499105,0.1491472848039121,0.5777777777777777,0.2727272727272727,3.434343434343434,0.04845261573791504,0,0.0,0.0,0.0,0.0,NA,,,,,compas_real,44,XGB-Mono
0.59,0.24821383786537068,0.13123763054708926,0.5777777777777777,0.2727272727272727,3.434343434343434,0.013181924819946289,0,0.0,0.0,0.0,0.0,NA,,,,,compas_real,44,LGBM-Mono
0.55,0.23766586405459095,0.11400445353582833,0.6888888888888889,0.2545454545454545,3.9535353535353535,0.009681224822998047,0,0.0,0.0,0.0,0.0,NA,,,,,compas_real,44,MonoScore
0.59,0.24678289060237257,0.13281282166019084,0.5777777777777777,0.2727272727272727,3.434343434343434,0.08677959442138672,0,0.0,0.0,0.0,0.0,NA,,,,,compas_real,44,XGB-Mono-Best
0.61,0.2475120415860786,0.13748808789286462,0.5111111111111111,0.2909090909090909,3.1373737373737374,0.03910040855407715,0,0.0,0.0,0.0,0.0,NA,,,,,compas_real,44,LGBM-Mono-Best
0.67,0.22063011888562298,0.058342741469057234,0.6,0.10909090909090909,3.2181818181818183,0.0006098747253417969,382,0.191,0.04707326007326006,0.24645685902230396,0.282051282051282,NA,,,,,compas_real,45,CART
0.62,0.38,0.38,0.6222222222222222,0.18181818181818182,3.474747474747475,2.4221303462982178,379,0.1895,0.1895,1.0,1.0,OPTIMAL,128.0,128.0,0.0,1.9520384000000002,compas_real,45,ODT
0.65,0.35,0.35,0.4666666666666667,0.2545454545454545,2.8424242424242427,2.6665279865264893,0,0.0,0.0,0.0,0.0,OPTIMAL,135.0,135.0,0.0,2.0904491000000003,compas_real,45,EMDT
0.65,0.227537945818945,0.013945841392649785,0.4666666666666667,0.2545454545454545,2.8424242424242427,2.513911247253418,0,0.0,0.0,0.0,0.0,OPTIMAL,135.0,135.0,0.0,1.9511100000000001,compas_real,45,EMDT-Iso
0.72,0.2170761699387065,0.14142570964846804,0.4666666666666667,0.12727272727272726,2.587878787878788,0.28079843521118164,0,0.0,2.7755575615628914e-20,0.0,0.0,NA,,,,,compas_real,45,MonoRF
0.68,0.20903845068333196,0.09646285571157934,0.4,0.2545454545454545,2.509090909090909,0.04524850845336914,0,0.0,0.0,0.0,0.0,NA,,,,,compas_real,45,XGB-Mono
0.68,0.20835279689336128,0.09841021183933069,0.37777777777777777,0.2727272727272727,2.4343434343434343,0.008888483047485352,0,0.0,0.0,0.0,0.0,NA,,,,,compas_real,45,LGBM-Mono
0.72,0.20848449102819583,0.1178240507830479,0.4888888888888889,0.10909090909090909,2.6626262626262625,0.008991241455078125,0,0.0,0.0,0.0,0.0,NA,,,,,compas_real,45,MonoScore
0.65,0.20841455652168672,0.12062853470444679,0.35555555555555557,0.34545454545454546,2.468686868686869,0.08559632301330566,0,0.0,0.0,0.0,0.0,NA,,,,,compas_real,45,XGB-Mono-Best
0.65,0.20715822413925566,0.10690509397245812,0.35555555555555557,0.34545454545454546,2.468686868686869,0.020737886428833008,0,0.0,0.0,0.0,0.0,NA,,,,,compas_real,45,LGBM-Mono-Best
0.66,0.21640379915881525,0.073618430846517,0.6,0.12727272727272726,3.2545454545454544,0.0007190704345703125,14,0.007,0.001364705882352942,0.19495798319327745,0.1949579831932774,NA,,,,,compas_real,46,CART
0.64,0.36,0.36,0.6,0.16363636363636364,3.327272727272727,2.415186882019043,16,0.008,0.008,1.0,1.0,OPTIMAL,128.0,128.0,0.0,1.8696910000000002,compas_real,46,ODT
0.65,0.35,0.3500000000000001,0.5111111111111111,0.21818181818181817,2.991919191919192,1.9884226322174072,0,0.0,0.0,0.0,0.0,OPTIMAL,131.0,131.0,0.0,1.5036497000000002,compas_real,46,EMDT
0.65,0.22858189233275136,0.024111792410912672,0.5111111111111111,0.21818181818181817,2.991919191919192,1.711380958557129,0,0.0,0.0,0.0,0.0,OPTIMAL,131.0,131.0,0.0,1.401829,compas_real,46,EMDT-Iso
0.68,0.21592906247138305,0.1502209647547651,0.5333333333333333,0.14545454545454545,2.9575757575757575,0.21107888221740723,0,0.0,0.0,0.0,0.0,NA,,,,,compas_real,46,MonoRF
0.66,0.2068784060648552,0.12196103904396295,0.5111111111111111,0.2,2.9555555555555553,0.03559470176696777,0,0.0,0.0,0.0,0.0,NA,,,,,compas_real,46,XGB-Mono
0.68,0.20088631327786458,0.08551490188946767,0.4,0.2545454545454545,2.509090909090909,0.010688304901123047,0,0.0,0.0,0.0,0.0,NA,,,,,compas_real,46,LGBM-Mono
0.7,0.21872475220841425,0.12143484622060444,0.5111111111111111,0.12727272727272726,2.8101010101010098,0.008783340454101562,0,0.0,0.0,0.0,0.0,NA,,,,,compas_real,46,MonoScore
0.66,0.2093358660953348,0.10517621222883462,0.5111111111111111,0.2,2.9555555555555553,0.06714534759521484,0,0.0,0.0,0.0,0.0,NA,,,,,compas_real,46,XGB-Mono-Best
0.67,0.2035011881854037,0.13554239999606085,0.4222222222222222,0.2545454545454545,2.6202020202020204,0.025127172470092773,0,0.0,0.0,0.0,0.0,NA,,,,,compas_real,46,LGBM-Mono-Best
0.71,0.20571404737087476,0.07757384433613942,0.4444444444444444,0.16363636363636364,2.5494949494949495,0.0006449222564697266,212,0.106,0.050149125275571756,0.4731049554299223,0.8888888888888888,NA,,,,,compas_real,47,CART
0.61,0.39,0.39,0.4444444444444444,0.34545454545454546,2.9131313131313132,1.6610963344573975,26,0.013,0.013,1.0,1.0,OPTIMAL,131.0,131.0,0.0,1.3697835,compas_real,47,ODT
0.69,0.31,0.31,0.5111111111111111,0.14545454545454545,2.8464646464646464,1.6585853099822998,0,0.0,0.0,0.0,0.0,OPTIMAL,135.0,135.0,0.0,1.3656029,compas_real,47,EMDT
0.69,0.2141480991735537,0.0278181818181818,0.5111111111111111,0.14545454545454545,2.8464646464646464,1.6766302585601807,0,0.0,0.0,0.0,0.0,OPTIMAL,135.0,135.0,0.0,1.3771984000000002,compas_real,47,EMDT-Iso
0.69,0.2101063751342437,0.09083495524082216,0.5555555555555556,0.10909090909090909,2.995959595959596,0.21339654922485352,0,0.0,0.0,0.0,0.0,NA,,,,,compas_real,47,MonoRF
0.69,0.1931274362179778,0.09417764682322743,0.4666666666666667,0.18181818181818182,2.6969696969696972,0.03404116630554199,0,0.0,0.0,0.0,0.0,NA,,,,,compas_real,47,XGB-Mono
0.71,0.19565710112484094,0.059584999630579165,0.4,0.2,2.4,0.010119199752807617,0,0.0,0.0,0.0,0.0,NA,,,,,compas_real,47,LGBM-Mono
0.72,0.2121939934803419,0.14632618867709257,0.5111111111111111,0.09090909090909091,2.737373737373737,0.0046634674072265625,0,0.0,0.0,0.0,0.0,NA,,,,,compas_real,47,MonoScore
0.69,0.1957496493298904,0.11336983438581227,0.4222222222222222,0.21818181818181817,2.5474747474747477,0.07210493087768555,0,0.0,0.0,0.0,0.0,NA,,,,,compas_real,47,XGB-Mono-Best
0.71,0.19486885364362241,0.06698369429731409,0.4,0.2,2.4,0.025034666061401367,0,0.0,0.0,0.0,0.0,NA,,,,,compas_real,47,LGBM-Mono-Best
0.69,0.21033833587257716,0.08232221508006189,0.5777777777777777,0.09090909090909091,3.07070707070707,0.0005905628204345703,0,0.0,0.0,0.0,0.0,NA,,,,,compas_real,48,CART
0.64,0.36,0.36,0.5777777777777777,0.18181818181818182,3.252525252525252,1.729191541671753,5,0.0025,0.0025,1.0,1.0,OPTIMAL,129.0,129.0,0.0,1.414744,compas_real,48,ODT
0.63,0.37,0.37,0.5777777777777777,0.2,3.2888888888888883,1.967630386352539,0,0.0,0.0,0.0,0.0,OPTIMAL,133.0,133.0,0.0,1.6458592,compas_real,48,EMDT
0.63,0.23448516513653903,0.037052462617216966,0.5777777777777777,0.2,3.2888888888888883,2.0696234703063965,0,0.0,0.0,0.0,0.0,OPTIMAL,133.0,133.0,0.0,1.6909575000000001,compas_real,48,EMDT-Iso
0.67,0.21116410050478257,0.06803463435294749,0.5555555555555556,0.14545454545454545,3.0686868686868687,0.2724933624267578,0,0.0,0.0,0.0,0.0,NA,,,,,compas_real,48,MonoRF
0.65,0.21350223678454622,0.050210127085447316,0.4888888888888889,0.23636363636363636,2.917171717171717,0.049376726150512695,0,0.0,0.0,0.0,0.0,NA,,,,,compas_real,48,XGB-Mono
0.66,0.20522572070304806,0.08369647324237928,0.4888888888888889,0.21818181818181817,2.8808080808080807,0.010939598083496094,0,0.0,0.0,0.0,0.0,NA,,,,,compas_real,48,LGBM-Mono
0.68,0.2197803352613049,0.10402063090023822,0.5555555555555556,0.12727272727272726,3.032323232323232,0.014336109161376953,0,0.0,0.0,0.0,0.0,NA,,,,,compas_real,48,MonoScore
0.66,0.21283804094261613,0.07377872735261916,0.4888888888888889,0.21818181818181817,2.8808080808080807,0.06768608093261719,0,0.0,0.0,0.0,0.0,NA,,,,,compas_real,48,XGB-Mono-Best
0.66,0.2053526573149128,0.09632288526683844,0.4888888888888889,0.21818181818181817,2.8808080808080807,0.019301891326904297,0,0.0,0.0,0.0,0.0,NA,,,,,compas_real,48,LGBM-Mono-Best
0.67,0.23509244503299076,0.10833141611703137,0.6222222222222222,0.09090909090909091,3.292929292929293,0.0006470680236816406,58,0.029,0.003676415236012831,0.1267729391728562,0.14155844155844155,NA,,,,,compas_real,49,CART
0.63,0.37,0.37,0.6222222222222222,0.16363636363636364,3.4383838383838383,2.0522356033325195,18,0.009,0.009,1.0,1.0,OPTIMAL,128.0,128.0,0.0,1.7388926,compas_real,49,ODT
0.65,0.35,0.35000000000000003,0.6222222222222222,0.12727272727272726,3.3656565656565656,2.2814993858337402,0,0.0,0.0,0.0,0.0,OPTIMAL,132.0,132.0,0.0,1.8577917000000002,compas_real,49,EMDT
0.65,0.22677547871000248,0.017539682539682584,0.6222222222222222,0.12727272727272726,3.3656565656565656,2.577191114425659,0,0.0,0.0,0.0,0.0,OPTIMAL,132.0,132.0,0.0,2.1211198,compas_real,49,EMDT-Iso
0.69,0.22476904818662533,0.11127388494340437,0.5111111111111111,0.14545454545454545,2.8464646464646464,0.3047761917114258,0,0.0,0.0,0.0,0.0,NA,,,,,compas_real,49,MonoRF
0.63,0.22923736792699906,0.10326448842883108,0.5777777777777777,0.2,3.2888888888888883,0.06402206420898438,0,0.0,0.0,0.0,0.0,NA,,,,,compas_real,49,XGB-Mono
0.66,0.22036446436973164,0.08685213041454187,0.4666666666666667,0.23636363636363636,2.806060606060606,0.014499425888061523,0,0.0,0.0,0.0,0.0,NA,,,,,compas_real,49,LGBM-Mono
0.67,0.2324494086154823,0.11879493850035933,0.5111111111111111,0.18181818181818182,2.919191919191919,0.008254528045654297,0,0.0,0.0,0.0,0.0,NA,,,,,compas_real,49,MonoScore
0.62,0.23146472601859294,0.12850033707916736,0.6,0.2,3.4,0.08127498626708984,0,0.0,0.0,0.0,0.0,NA,,,,,compas_real,49,XGB-Mono-Best
0.69,0.2178232150074115,0.09187802049457222,0.4,0.23636363636363636,2.4727272727272727,0.029577016830444336,0,0.0,0.0,0.0,0.0,NA,,,,,compas_real,49,LGBM-Mono-Best
0.66,0.21522093826066666,0.12900641480250863,0.37777777777777777,0.3090909090909091,2.507070707070707,0.0007641315460205078,18,0.009,0.00028421052631578936,0.03157894736842104,0.03157894736842104,NA,,,,,compas_real,50,CART
0.67,0.33,0.32999999999999996,0.5333333333333333,0.16363636363636364,2.9939393939393937,2.5486629009246826,213,0.1065,0.1065,1.0,1.0,OPTIMAL,131.0,131.0,0.0,2.0376543000000003,compas_real,50,ODT
0.68,0.32,0.31999999999999995,0.4666666666666667,0.2,2.7333333333333334,2.310300588607788,0,0.0,0.0,0.0,0.0,OPTIMAL,135.0,135.0,0.0,1.8805734,compas_real,50,EMDT
0.68,0.21797557774968038,0.016068307710536456,0.4666666666666667,0.2,2.7333333333333334,2.298308849334717,0,0.0,0.0,0.0,0.0,OPTIMAL,135.0,135.0,0.0,1.867682,compas_real,50,EMDT-Iso
0.67,0.22662692685238991,0.11059313461954765,0.4444444444444444,0.23636363636363636,2.694949494949495,0.27103185653686523,0,0.0,0.0,0.0,0.0,NA,,,,,compas_real,50,MonoRF
0.66,0.23047289677566263,0.0965389011055231,0.4222222222222222,0.2727272727272727,2.6565656565656566,0.04505348205566406,0,0.0,0.0,0.0,0.0,NA,,,,,compas_real,50,XGB-Mono
0.65,0.2333074891784709,0.11391857946420447,0.4444444444444444,0.2727272727272727,2.7676767676767677,0.011847734451293945,0,0.0,0.0,0.0,0.0,NA,,,,,compas_real,50,LGBM-Mono
0.67,0.23264718595512723,0.13143953631745087,0.4444444444444444,0.23636363636363636,2.694949494949495,0.007192850112915039,0,0.0,0.0,0.0,0.0,NA,,,,,compas_real,50,MonoScore
0.66,0.22567240454428938,0.14707240723073486,0.4444444444444444,0.2545454545454545,2.731313131313131,0.06283712387084961,0,0.0,0.0,0.0,0.0,NA,,,,,compas_real,50,XGB-Mono-Best
0.66,0.23517507401129115,0.11849327516960355,0.4,0.2909090909090909,2.581818181818182,0.028071880340576172,0,0.0,0.0,0.0,0.0,NA,,,,,compas_real,50,LGBM-Mono-Best
0.65,0.21627588524325944,0.07808905563672303,0.4666666666666667,0.2545454545454545,2.8424242424242427,0.0007834434509277344,31,0.0155,0.0011522988505747124,0.07434186132740081,0.3045977011494253,NA,,,,,compas_real,51,CART
0.69,0.31,0.31,0.4888888888888889,0.16363636363636364,2.7717171717171714,2.6467745304107666,0,0.0,0.0,0.0,0.0,OPTIMAL,134.0,134.0,0.0,2.1883484,compas_real,51,ODT
0.69,0.31,0.31,0.4444444444444444,0.2,2.6222222222222222,2.378816604614258,0,0.0,0.0,0.0,0.0,OPTIMAL,136.0,136.0,0.0,1.8441261000000002,compas_real,51,EMDT
0.69,0.21483333333333327,0.027999999999999973,0.4444444444444444,0.2,2.6222222222222222,2.2140324115753174,0,0.0,0.0,0.0,0.0,OPTIMAL,136.0,136.0,0.0,1.7153398000000002,compas_real,51,EMDT-Iso
0.66,0.20774851281190782,0.1091969956077393,0.5111111111111111,0.2,2.9555555555555553,0.27060389518737793,0,0.0,0.0,0.0,0.0,NA,,,,,compas_real,51,MonoRF
0.7,0.19956216637674348,0.0803053857758641,0.4,0.21818181818181817,2.4363636363636365,0.046874284744262695,0,0.0,0.0,0.0,0.0,NA,,,,,compas_real,51,XGB-Mono
0.72,0.19514482171967426,0.07270548341821813,0.3111111111111111,0.2545454545454545,2.0646464646464646,0.014594316482543945,0,0.0,0.0,0.0,0.0,NA,,,,,compas_real,51,LGBM-Mono
0.73,0.20541714107579248,0.11696314885561597,0.4,0.16363636363636364,2.327272727272727,0.005524396896362305,0,0.0,0.0,0.0,0.0,NA,,,,,compas_real,51,MonoScore
0.7,0.2026386004254402,0.0961066908761859,0.4,0.21818181818181817,2.4363636363636365,0.06589198112487793,0,0.0,0.0,0.0,0.0,NA,,,,,compas_real,51,XGB-Mono-Best
0.72,0.19458269106708945,0.07116877529655061,0.3111111111111111,0.2545454545454545,2.0646464646464646,0.03280901908874512,0,0.0,0.0,0.0,0.0,NA,,,,,compas_real,51,LGBM-Mono-Best
0.72,0.20321815150002925,0.06688698327068496,0.9,0.014285714285714285,4.5285714285714285,0.0009336471557617188,489,0.2445,0.08201863633423391,0.33545454533429003,1.0,NA,,,,,german_real,42,CART
0.69,0.31,0.31,0.8333333333333334,0.08571428571428572,4.338095238095239,15.508663415908813,185,0.0925,0.0925,1.0,1.0,FEASIBLE,104.0,10.0,0.9038461538461539,15.0291688,german_real,42,ODT
0.69,0.31,0.31,0.8333333333333334,0.08571428571428572,4.338095238095239,15.326826572418213,0,0.0,0.0,0.0,0.0,FEASIBLE,111.0,7.0,0.9369369369369369,15.005199800000002,german_real,42,EMDT
0.69,0.21064459815193068,0.030993021227100882,0.8333333333333334,0.08571428571428572,4.338095238095239,15.320807695388794,0,0.0,0.0,0.0,0.0,FEASIBLE,111.0,7.0,0.9369369369369369,15.0053143,german_real,42,EMDT-Iso
0.69,0.21087800390569342,0.07817833810370942,0.9333333333333333,0.04285714285714286,4.752380952380952,0.2171630859375,0,0.0,0.0,0.0,0.0,NA,,,,,german_real,42,MonoRF
0.64,0.23995593188425257,0.16352460689842696,0.7333333333333333,0.2,4.066666666666666,0.039969444274902344,0,0.0,0.0,0.0,0.0,NA,,,,,german_real,42,XGB-Mono
0.63,0.23205060064343005,0.1479017777351192,0.7666666666666667,0.2,4.233333333333333,0.011077404022216797,0,0.0,0.0,0.0,0.0,NA,,,,,german_real,42,LGBM-Mono
0.7,0.21219238000084634,0.12056136422668913,0.8333333333333334,0.07142857142857142,4.30952380952381,0.004289388656616211,0,0.0,0.0,0.0,0.0,NA,,,,,german_real,42,MonoScore
0.62,0.23704957923473852,0.1490548212826252,0.8333333333333334,0.18571428571428572,4.538095238095238,0.06687569618225098,0,0.0,0.0,0.0,0.0,NA,,,,,german_real,42,XGB-Mono-Best
0.64,0.23290339192468373,0.15455602248011363,0.7333333333333333,0.2,4.066666666666666,0.026120901107788086,0,0.0,0.0,0.0,0.0,NA,,,,,german_real,42,LGBM-Mono-Best
0.74,0.19697937355497142,0.07298985773786978,0.8,0.02857142857142857,4.057142857142857,0.0007627010345458984,537,0.2685,0.10367181082201907,0.3861147516648755,0.75,NA,,,,,german_real,43,CART
0.7,0.3,0.30000000000000004,0.7666666666666667,0.1,4.033333333333333,15.310861825942993,0,0.0,0.0,0.0,0.0,FEASIBLE,107.0,7.0,0.9345794392523364,15.004391900000002,german_real,43,ODT
0.7,0.3,0.3,0.8333333333333334,0.07142857142857142,4.30952380952381,15.350465059280396,0,0.0,0.0,0.0,0.0,FEASIBLE,109.0,10.0,0.908256880733945,15.022650800000001,german_real,43,EMDT
0.7,0.20732373114095878,0.031366047745358054,0.8333333333333334,0.07142857142857142,4.30952380952381,15.438301801681519,0,0.0,0.0,0.0,0.0,FEASIBLE,109.0,10.0,0.908256880733945,15.004153200000001,german_real,43,EMDT-Iso
0.69,0.20073682858383746,0.05522076113630639,0.9666666666666667,0.02857142857142857,4.89047619047619,0.2726905345916748,0,0.0,0.0,0.0,0.0,NA,,,,,german_real,43,MonoRF
0.7,0.2122306459748037,0.1165044537931681,0.7333333333333333,0.11428571428571428,3.895238095238095,0.0457463264465332,0,0.0,0.0,0.0,0.0,NA,,,,,german_real,43,XGB-Mono
0.67,0.21120106548489803,0.10054911167363847,0.8,0.12857142857142856,4.257142857142857,0.02105259895324707,0,0.0,0.0,0.0,0.0,NA,,,,,german_real,43,LGBM-Mono
0.69,0.20515268200631376,0.05170902969939127,0.9333333333333333,0.04285714285714286,4.752380952380952,0.005605220794677734,0,0.0,0.0,0.0,0.0,NA,,,,,german_real,43,MonoScore
0.7,0.2094210498145829,0.11143699541687963,0.7333333333333333,0.11428571428571428,3.895238095238095,0.07613849639892578,0,0.0,0.0,0.0,0.0,NA,,,,,german_real,43,XGB-Mono-Best
0.67,0.20749854309665705,0.10436915015495676,0.8,0.12857142857142856,4.257142857142857,0.024711132049560547,0,0.0,0.0,0.0,0.0,NA,,,,,german_real,43,LGBM-Mono-Best
0.61,0.25608340427697895,0.14682834659880514,0.9666666666666667,0.14285714285714285,5.119047619047619,0.0012159347534179688,805,0.4025,0.1639353956565571,0.40729290846349586,0.9285714285714286,NA,,,,,german_real,44,CART
0.7,0.3,0.3,0.9666666666666667,0.014285714285714285,4.8619047619047615,15.426659345626831,0,0.0,0.0,0.0,0.0,FEASIBLE,109.0,1.0,0.9908256880733946,15.003871100000001,german_real,44,ODT
0.69,0.31,0.31000000000000005,0.9666666666666667,0.02857142857142857,4.89047619047619,15.554295778274536,0,0.0,0.0,0.0,0.0,FEASIBLE,111.0,7.0,0.9369369369369369,15.0204789,german_real,44,EMDT
0.69,0.21362439732632033,0.03801282051282041,0.9666666666666667,0.02857142857142857,4.89047619047619,15.48250436782837,0,0.0,0.0,0.0,0.0,FEASIBLE,111.0,7.0,0.9369369369369369,15.005570400000002,german_real,44,EMDT-Iso
0.7,0.21032792618328566,0.09958000818273165,0.9666666666666667,0.014285714285714285,4.8619047619047615,0.28250598907470703,0,0.0,0.0,0.0,0.0,NA,,,,,german_real,44,MonoRF
0.64,0.24873704292432744,0.1998365403711796,0.8666666666666667,0.14285714285714285,4.6190476190476195,0.053542375564575195,0,0.0,0.0,0.0,0.0,NA,,,,,german_real,44,XGB-Mono
0.66,0.23955614983897194,0.16983851821500157,0.9,0.1,4.7,0.013261795043945312,0,0.0,0.0,0.0,0.0,NA,,,,,german_real,44,LGBM-Mono
0.69,0.21216951102419096,0.09701921121529974,0.9666666666666667,0.02857142857142857,4.89047619047619,0.008046865463256836,0,0.0,0.0,0.0,0.0,NA,,,,,german_real,44,MonoScore
0.66,0.24585683903179212,0.20136452078819272,0.9,0.1,4.7,0.0895073413848877,0,0.0,0.0,0.0,0.0,NA,,,,,german_real,44,XGB-Mono-Best
0.65,0.2414069073313263,0.16006135624559273,0.9333333333333333,0.1,4.866666666666667,0.029705286026000977,0,0.0,0.0,0.0,0.0,NA,,,,,german_real,44,LGBM-Mono-Best
0.71,0.22190447196274377,0.12996632347751755,0.9666666666666667,0.0,4.833333333333333,0.0008053779602050781,423,0.2115,0.05788302530802531,0.27367860665733007,0.42857142857142855,NA,,,,,german_real,45,CART
0.7,0.3,0.30000000000000004,0.8666666666666667,0.05714285714285714,4.447619047619048,15.464520454406738,0,0.0,0.0,0.0,0.0,FEASIBLE,110.0,-5.0,1.0454545454545454,15.0046128,german_real,45,ODT
0.73,0.27,0.27,0.9,0.0,4.5,15.47421145439148,0,0.0,0.0,0.0,0.0,FEASIBLE,114.0,-9.0,1.0789473684210527,15.0033019,german_real,45,EMDT
0.73,0.197478343951133,0.014880970665028383,0.9,0.0,4.5,15.45287537574768,0,0.0,0.0,0.0,0.0,FEASIBLE,114.0,-9.0,1.0789473684210527,15.005483300000002,german_real,45,EMDT-Iso
0.73,0.20071076153835993,0.08248784142574166,0.8666666666666667,0.014285714285714285,4.361904761904762,0.2584381103515625,0,0.0,0.0,0.0,0.0,NA,,,,,german_real,45,MonoRF
0.71,0.19633676182922902,0.08439896881580355,0.7333333333333333,0.1,3.8666666666666667,0.03903913497924805,0,0.0,0.0,0.0,0.0,NA,,,,,german_real,45,XGB-Mono
0.71,0.20048473052506396,0.09572111490699518,0.7333333333333333,0.1,3.8666666666666667,0.02017378807067871,0,0.0,0.0,0.0,0.0,NA,,,,,german_real,45,LGBM-Mono
0.71,0.20392801600621271,0.072401577158332,0.9,0.02857142857142857,4.557142857142857,0.007620811462402344,0,0.0,0.0,0.0,0.0,NA,,,,,german_real,45,MonoScore
0.72,0.19320235166378003,0.0858755894750357,0.7666666666666667,0.07142857142857142,3.9761904761904763,0.08801794052124023,0,0.0,0.0,0.0,0.0,NA,,,,,german_real,45,XGB-Mono-Best
0.72,0.20138101560002866,0.11439977441735334,0.7333333333333333,0.08571428571428572,3.838095238095238,0.03297567367553711,0,0.0,0.0,0.0,0.0,NA,,,,,german_real,45,LGBM-Mono-Best
0.65,0.2447010210941417,0.13393501942916933,0.8666666666666667,0.12857142857142856,4.590476190476191,0.0007634162902832031,746,0.373,0.17056970324361628,0.45729142960755037,0.6739130434782609,NA,,,,,german_real,46,CART
0.67,0.33,0.32999999999999996,0.8,0.12857142857142856,4.257142857142857,15.427499771118164,0,0.0,0.0,0.0,0.0,FEASIBLE,106.0,-4.0,1.0377358490566038,15.004391900000002,german_real,46,ODT
0.68,0.32,0.31999999999999995,0.9,0.07142857142857142,4.642857142857143,15.526843547821045,0,0.0,0.0,0.0,0.0,FEASIBLE,109.0,-8.0,1.073394495412844,15.002743400000002,german_real,46,EMDT
0.68,0.21636635802469137,0.049222222222222244,0.9,0.07142857142857142,4.642857142857143,15.509578943252563,0,0.0,0.0,0.0,0.0,FEASIBLE,109.0,-8.0,1.073394495412844,15.0048072,german_real,46,EMDT-Iso
0.71,0.20814493697978295,0.08585184460072018,0.9,0.02857142857142857,4.557142857142857,0.3426215648651123,0,0.0,0.0,0.0,0.0,NA,,,,,german_real,46,MonoRF
0.66,0.23344720639621463,0.17566269755363467,0.7666666666666667,0.15714285714285714,4.147619047619048,0.04153704643249512,0,0.0,0.0,0.0,0.0,NA,,,,,german_real,46,XGB-Mono
0.63,0.2327935299631676,0.1776347551934902,0.8333333333333334,0.17142857142857143,4.5095238095238095,0.010423421859741211,0,0.0,0.0,0.0,0.0,NA,,,,,german_real,46,LGBM-Mono
0.7,0.21038354045506064,0.0921614611052566,0.8,0.08571428571428572,4.171428571428572,0.005597352981567383,0,0.0,0.0,0.0,0.0,NA,,,,,german_real,46,MonoScore
0.67,0.23081448561576326,0.14881541639566426,0.7666666666666667,0.14285714285714285,4.1190476190476195,0.0852196216583252,0,0.0,0.0,0.0,0.0,NA,,,,,german_real,46,XGB-Mono-Best
0.65,0.2344664511659199,0.15986673103860838,0.7666666666666667,0.17142857142857143,4.1761904761904765,0.03288722038269043,0,0.0,0.0,0.0,0.0,NA,,,,,german_real,46,LGBM-Mono-Best
0.71,0.21124655887922766,0.1008949452391588,0.8333333333333334,0.05714285714285714,4.280952380952381,0.0007655620574951172,684,0.342,0.1259278142495542,0.3682099831858311,0.5555555555555556,NA,,,,,german_real,47,CART
0.72,0.28,0.28,0.8,0.05714285714285714,4.114285714285714,15.43828558921814,260,0.13,0.13,1.0,1.0,FEASIBLE,106.0,-13.0,1.1226415094339623,15.004778100000001,german_real,47,ODT
0.71,0.29,0.29000000000000004,0.8333333333333334,0.05714285714285714,4.280952380952381,15.494138479232788,0,0.0,0.0,0.0,0.0,FEASIBLE,113.0,-16.0,1.1415929203539823,15.0044456,german_real,47,EMDT
0.71,0.20374405864197528,0.008805555555555435,0.8333333333333334,0.05714285714285714,4.280952380952381,15.462650060653687,0,0.0,0.0,0.0,0.0,FEASIBLE,113.0,-16.0,1.1415929203539823,15.0053885,german_real,47,EMDT-Iso
0.72,0.2008483086167848,0.07443472134297188,0.9333333333333333,0.0,4.666666666666667,0.28160715103149414,0,0.0,0.0,0.0,0.0,NA,,,,,german_real,47,MonoRF
0.72,0.20680486489392702,0.15209959000349044,0.7,0.1,3.7,0.04482007026672363,0,0.0,0.0,0.0,0.0,NA,,,,,german_real,47,XGB-Mono
0.7,0.20597160597224953,0.09336721544781758,0.8,0.08571428571428572,4.171428571428572,0.008914709091186523,0,0.0,0.0,0.0,0.0,NA,,,,,german_real,47,LGBM-Mono
0.7,0.20035752734781975,0.12421882274090626,0.9333333333333333,0.02857142857142857,4.723809523809524,0.0063381195068359375,0,0.0,0.0,0.0,0.0,NA,,,,,german_real,47,MonoScore
0.72,0.20232358443769644,0.1117059180140495,0.7,0.1,3.7,0.07852363586425781,0,0.0,0.0,0.0,0.0,NA,,,,,german_real,47,XGB-Mono-Best
0.7,0.20773458498617903,0.11244154434253098,0.8,0.08571428571428572,4.171428571428572,0.02718973159790039,0,0.0,0.0,0.0,0.0,NA,,,,,german_real,47,LGBM-Mono-Best
0.67,0.22877712353750035,0.10579408708018807,0.9,0.08571428571428572,4.671428571428572,0.0008304119110107422,477,0.2385,0.10120274040039384,0.4243301484293242,0.8333333333333334,NA,,,,,german_real,48,CART
0.65,0.35,0.35000000000000003,0.9333333333333333,0.1,4.866666666666667,15.483824253082275,0,0.0,0.0,0.0,0.0,FEASIBLE,103.0,-25.0,1.2427184466019416,15.0344221,german_real,48,ODT
0.66,0.34,0.3400000000000001,0.9,0.1,4.7,15.459948301315308,0,0.0,0.0,0.0,0.0,FEASIBLE,108.0,-26.0,1.2407407407407407,15.004293,german_real,48,EMDT
0.66,0.22466605109264393,0.06982456140350876,0.9,0.1,4.7,15.456911087036133,0,0.0,0.0,0.0,0.0,FEASIBLE,108.0,-26.0,1.2407407407407407,15.0043132,german_real,48,EMDT-Iso
0.73,0.202633542310042,0.08465584857163409,0.8666666666666667,0.014285714285714285,4.361904761904762,0.2612335681915283,0,0.0,0.0,0.0,0.0,NA,,,,,german_real,48,MonoRF
0.66,0.21587413301687872,0.09613117754459381,0.8,0.14285714285714285,4.285714285714286,0.0583493709564209,0,0.0,0.0,0.0,0.0,NA,,,,,german_real,48,XGB-Mono
0.66,0.21381226234080472,0.11227166159491497,0.8333333333333334,0.12857142857142856,4.423809523809524,0.012131214141845703,0,0.0,0.0,0.0,0.0,NA,,,,,german_real,48,LGBM-Mono
0.7,0.2045259116414054,0.0463055832803655,0.8666666666666667,0.05714285714285714,4.447619047619048,0.004056692123413086,0,0.0,0.0,0.0,0.0,NA,,,,,german_real,48,MonoScore
0.66,0.21543519043368722,0.13149556227028367,0.8333333333333334,0.12857142857142856,4.423809523809524,0.08175492286682129,0,0.0,0.0,0.0,0.0,NA,,,,,german_real,48,XGB-Mono-Best
0.67,0.21221114100413718,0.11281469106950874,0.8333333333333334,0.11428571428571428,4.395238095238096,0.02972555160522461,0,0.0,0.0,0.0,0.0,NA,,,,,german_real,48,LGBM-Mono-Best
0.73,0.19856746535919487,0.06504416953687021,0.8,0.04285714285714286,4.085714285714285,0.0007538795471191406,353,0.1765,0.05438303595566368,0.30811918388478016,0.5714285714285714,NA,,,,,german_real,49,CART
0.71,0.29,0.29,0.8,0.07142857142857142,4.142857142857143,15.454542875289917,50,0.025,0.025,1.0,1.0,FEASIBLE,108.0,-3.0,1.0277777777777777,15.004528200000001,german_real,49,ODT
0.72,0.28,0.27999999999999997,0.8666666666666667,0.02857142857142857,4.390476190476191,15.461317539215088,0,0.0,0.0,0.0,0.0,FEASIBLE,114.0,-10.0,1.087719298245614,15.006112300000002,german_real,49,EMDT
0.72,0.20148125681292903,0.0075093244923338034,0.8666666666666667,0.02857142857142857,4.390476190476191,15.574216842651367,0,0.0,0.0,0.0,0.0,FEASIBLE,114.0,-10.0,1.087719298245614,15.0024694,german_real,49,EMDT-Iso
0.73,0.18759028808546052,0.056866125280113845,0.9,0.0,4.5,0.33510923385620117,0,0.0,0.0,0.0,0.0,NA,,,,,german_real,49,MonoRF
0.73,0.18558816430732475,0.07760283932089805,0.7,0.08571428571428572,3.6714285714285713,0.0470428466796875,0,0.0,0.0,0.0,0.0,NA,,,,,german_real,49,XGB-Mono
0.7,0.18807214470936032,0.09423139271069152,0.7666666666666667,0.1,4.033333333333333,0.01901984214782715,0,0.0,0.0,0.0,0.0,NA,,,,,german_real,49,LGBM-Mono
0.73,0.18990169257481262,0.08397453489987675,0.8666666666666667,0.014285714285714285,4.361904761904762,0.014389991760253906,0,0.0,0.0,0.0,0.0,NA,,,,,german_real,49,MonoScore
0.73,0.18132842183891473,0.08495570793747902,0.7333333333333333,0.07142857142857142,3.8095238095238093,0.09766960144042969,0,0.0,0.0,0.0,0.0,NA,,,,,german_real,49,XGB-Mono-Best
0.71,0.18992630061826254,0.09091863913576603,0.7666666666666667,0.08571428571428572,4.004761904761905,0.05874300003051758,0,0.0,0.0,0.0,0.0,NA,,,,,german_real,49,LGBM-Mono-Best
0.69,0.2282902020948996,0.14037209302325576,0.7666666666666667,0.11428571428571428,4.061904761904762,0.0007774829864501953,299,0.1495,0.07097159468438538,0.4747263858487317,1.0,NA,,,,,german_real,50,CART
0.66,0.34,0.33999999999999997,0.8666666666666667,0.11428571428571428,4.561904761904763,15.73857069015503,0,0.0,0.0,0.0,0.0,FEASIBLE,104.0,-13.0,1.125,15.3026014,german_real,50,ODT
0.67,0.33,0.32999999999999996,0.9,0.08571428571428572,4.671428571428572,15.508667469024658,0,0.0,0.0,0.0,0.0,FEASIBLE,108.0,-22.0,1.2037037037037037,15.0052689,german_real,50,EMDT
0.67,0.22091412742382271,0.0605263157894737,0.9,0.08571428571428572,4.671428571428572,15.489299774169922,0,0.0,0.0,0.0,0.0,FEASIBLE,108.0,-22.0,1.2037037037037037,15.005172000000002,german_real,50,EMDT-Iso
0.71,0.2040268650720774,0.07889042747645658,0.9,0.02857142857142857,4.557142857142857,0.5249876976013184,0,0.0,0.0,0.0,0.0,NA,,,,,german_real,50,MonoRF
0.68,0.2208324119469684,0.12049832433462143,0.7666666666666667,0.12857142857142856,4.09047619047619,0.07435250282287598,0,0.0,0.0,0.0,0.0,NA,,,,,german_real,50,XGB-Mono
0.7,0.219526907467592,0.10892795080950486,0.7666666666666667,0.1,4.033333333333333,0.013130426406860352,0,0.0,0.0,0.0,0.0,NA,,,,,german_real,50,LGBM-Mono
0.69,0.20901734153895243,0.10235017293789829,0.8666666666666667,0.07142857142857142,4.476190476190477,0.00390625,0,0.0,0.0,0.0,0.0,NA,,,,,german_real,50,MonoScore
0.69,0.2165720096298362,0.11194552659988403,0.7666666666666667,0.11428571428571428,4.061904761904762,0.12523579597473145,0,0.0,0.0,0.0,0.0,NA,,,,,german_real,50,XGB-Mono-Best
0.69,0.21542077717260533,0.10025075833129839,0.7666666666666667,0.11428571428571428,4.061904761904762,0.04278922080993652,0,0.0,0.0,0.0,0.0,NA,,,,,german_real,50,LGBM-Mono-Best
0.68,0.2264823444867144,0.1118286827551534,0.9,0.07142857142857142,4.642857142857143,0.0007114410400390625,336,0.168,0.09683600427350428,0.5764047873422873,0.6923076923076923,NA,,,,,german_real,51,CART
0.7,0.3,0.3,0.9333333333333333,0.02857142857142857,4.723809523809524,15.642387390136719,0,0.0,0.0,0.0,0.0,FEASIBLE,111.0,30.0,0.7297297297297297,15.0065331,german_real,51,ODT
0.7,0.3,0.3,0.9333333333333333,0.02857142857142857,4.723809523809524,15.669320344924927,0,0.0,0.0,0.0,0.0,FEASIBLE,111.0,30.0,0.7297297297297297,15.021086100000002,german_real,51,EMDT
0.7,0.21234375,0.022499999999999964,0.9333333333333333,0.02857142857142857,4.723809523809524,15.62583303451538,0,0.0,0.0,0.0,0.0,FEASIBLE,111.0,30.0,0.7297297297297297,15.0027091,german_real,51,EMDT-Iso
0.72,0.1829085497760491,0.14985037334060375,0.8666666666666667,0.02857142857142857,4.390476190476191,0.3593621253967285,0,0.0,0.0,0.0,0.0,NA,,,,,german_real,51,MonoRF
0.74,0.1903334350363333,0.12362275980412958,0.7,0.07142857142857142,3.642857142857143,0.0565638542175293,0,0.0,0.0,0.0,0.0,NA,,,,,german_real,51,XGB-Mono
0.73,0.1745204426450164,0.06636410475628994,0.7666666666666667,0.05714285714285714,3.947619047619048,0.04479050636291504,0,0.0,0.0,0.0,0.0,NA,,,,,german_real,51,LGBM-Mono
0.71,0.1809845772342526,0.10909326274864925,0.9333333333333333,0.014285714285714285,4.695238095238095,0.0314946174621582,0,0.0,0.0,0.0,0.0,NA,,,,,german_real,51,MonoScore
0.71,0.19552933583319423,0.12190244495868682,0.8,0.07142857142857142,4.142857142857143,0.09064173698425293,0,0.0,0.0,0.0,0.0,NA,,,,,german_real,51,XGB-Mono-Best
0.74,0.17752721341322805,0.08653667679789807,0.7333333333333333,0.05714285714285714,3.780952380952381,0.05911993980407715,0,0.0,0.0,0.0,0.0,NA,,,,,german_real,51,LGBM-Mono-Best
0.77,0.15647911789956012,0.0393080712391057,0.10666666666666667,0.6,1.7333333333333334,0.0007569789886474609,1,0.0005,0.0001050903119868637,0.2101806239737274,0.2101806239737274,NA,,,,,adult_income,42,CART
0.76,0.24,0.24,0.06666666666666667,0.76,1.8533333333333333,4.7693190574646,16,0.008,0.008,1.0,1.0,OPTIMAL,76.0,76.0,0.0,4.1247876,adult_income,42,ODT
0.8,0.2,0.19999999999999998,0.02666666666666667,0.72,1.5733333333333333,3.8175785541534424,0,0.0,0.0,0.0,0.0,OPTIMAL,84.0,84.0,0.0,3.2703580000000003,adult_income,42,EMDT
0.8,0.1609021604938272,0.009777777777777772,0.02666666666666667,0.72,1.5733333333333333,3.726646900177002,0,0.0,0.0,0.0,0.0,OPTIMAL,84.0,84.0,0.0,3.2055337,adult_income,42,EMDT-Iso
0.76,0.1459245382590443,0.08155428685691476,0.0,0.96,1.92,0.4370391368865967,0,0.0,0.0,0.0,0.0,NA,,,,,adult_income,42,MonoRF
0.81,0.14395322852688572,0.08087945214472712,0.04,0.64,1.48,0.054976463317871094,0,0.0,0.0,0.0,0.0,NA,,,,,adult_income,42,XGB-Mono
0.82,0.14436394026459937,0.11355852324850331,0.02666666666666667,0.64,1.4133333333333333,0.017443418502807617,0,0.0,0.0,0.0,0.0,NA,,,,,adult_income,42,LGBM-Mono
0.77,0.14166668425635576,0.10170953075311288,0.013333333333333334,0.88,1.8266666666666667,0.006964921951293945,0,0.0,0.0,0.0,0.0,NA,,,,,adult_income,42,MonoScore
0.8,0.14760378752273096,0.06991533046122642,0.013333333333333334,0.76,1.5866666666666667,0.09097909927368164,0,0.0,0.0,0.0,0.0,NA,,,,,adult_income,42,XGB-Mono-Best
0.8,0.14516486023607506,0.08266629724866424,0.05333333333333334,0.64,1.5466666666666666,0.0314021110534668,0,0.0,0.0,0.0,0.0,NA,,,,,adult_income,42,LGBM-Mono-Best
0.78,0.14824060624642602,0.010665679221328878,0.12,0.52,1.6400000000000001,0.005941629409790039,0,0.0,0.0,0.0,0.0,NA,,,,,adult_income,43,CART
0.72,0.28,0.28,0.08,0.88,2.16,5.6272759437561035,12,0.006,0.006,1.0,1.0,OPTIMAL,76.0,76.0,0.0,5.1735318,adult_income,43,ODT
0.69,0.31,0.31,0.12,0.88,2.36,4.162675142288208,0,0.0,0.0,0.0,0.0,OPTIMAL,79.0,79.0,0.0,3.5856406,adult_income,43,EMDT
0.69,0.2158478316098514,0.11221565909227893,0.12,0.88,2.36,4.220940589904785,0,0.0,0.0,0.0,0.0,OPTIMAL,79.0,79.0,0.0,3.6573019,adult_income,43,EMDT-Iso
0.79,0.1536600964561563,0.052835989557613795,0.02666666666666667,0.76,1.6533333333333333,0.48404955863952637,0,0.0,0.0,0.0,0.0,NA,,,,,adult_income,43,MonoRF
0.78,0.16341936517624878,0.10996374834328891,0.10666666666666667,0.56,1.6533333333333333,0.04828190803527832,0,0.0,0.0,0.0,0.0,NA,,,,,adult_income,43,XGB-Mono
0.78,0.16312441802408081,0.12524621906861183,0.09333333333333334,0.6,1.6666666666666665,0.014895439147949219,0,0.0,0.0,0.0,0.0,NA,,,,,adult_income,43,LGBM-Mono
0.79,0.16131143163086853,0.06468377163073187,0.05333333333333334,0.68,1.6266666666666667,0.0035479068756103516,0,0.0,0.0,0.0,0.0,NA,,,,,adult_income,43,MonoScore
0.79,0.15991923909124534,0.10549168752040715,0.09333333333333334,0.56,1.586666666666667,0.08388876914978027,0,0.0,0.0,0.0,0.0,NA,,,,,adult_income,43,XGB-Mono-Best
0.77,0.16306682852951687,0.12786941732246143,0.10666666666666667,0.6,1.7333333333333334,0.03170442581176758,0,0.0,0.0,0.0,0.0,NA,,,,,adult_income,43,LGBM-Mono-Best
0.79,0.16264541980869232,0.051653046309215314,0.02666666666666667,0.76,1.6533333333333333,0.001512765884399414,0,0.0,0.0,0.0,0.0,NA,,,,,adult_income,44,CART
0.71,0.29,0.29000000000000004,0.13333333333333333,0.76,2.1866666666666665,3.018876314163208,15,0.0075,0.0075,1.0,1.0,OPTIMAL,71.0,71.0,0.0,2.5893936,adult_income,44,ODT
0.72,0.28,0.27999999999999997,0.09333333333333334,0.84,2.1466666666666665,2.9905035495758057,0,0.0,0.0,0.0,0.0,OPTIMAL,76.0,76.0,0.0,2.5340171000000002,adult_income,44,EMDT
0.72,0.20791104821023512,0.08965978482116897,0.09333333333333334,0.84,2.1466666666666665,3.716115951538086,0,0.0,0.0,0.0,0.0,OPTIMAL,76.0,76.0,0.0,3.1376743,adult_income,44,EMDT-Iso
0.79,0.14790524846886885,0.06094425585450007,0.02666666666666667,0.76,1.6533333333333333,0.5391161441802979,0,0.0,0.0,0.0,0.0,NA,,,,,adult_income,44,MonoRF
0.74,0.17270729564629,0.11731029931921512,0.14666666666666667,0.6,1.9333333333333333,0.07546687126159668,0,0.0,0.0,0.0,0.0,NA,,,,,adult_income,44,XGB-Mono
0.75,0.17100543950136005,0.0902559644670927,0.10666666666666667,0.68,1.8933333333333335,0.013503074645996094,0,0.0,0.0,0.0,0.0,NA,,,,,adult_income,44,LGBM-Mono
0.75,0.15979385570261745,0.04574708507781249,0.09333333333333334,0.72,1.9066666666666667,0.005706787109375,0,0.0,0.0,0.0,0.0,NA,,,,,adult_income,44,MonoScore
0.72,0.17963988722751847,0.13073639472364448,0.14666666666666667,0.68,2.0933333333333337,0.08192729949951172,0,0.0,0.0,0.0,0.0,NA,,,,,adult_income,44,XGB-Mono-Best
0.75,0.16921606779327572,0.0924955319569803,0.10666666666666667,0.68,1.8933333333333335,0.05095529556274414,0,0.0,0.0,0.0,0.0,NA,,,,,adult_income,44,LGBM-Mono-Best
0.82,0.11600878263025828,0.036796681749622924,0.0,0.72,1.44,0.0006439685821533203,0,0.0,0.0,0.0,0.0,NA,,,,,adult_income,45,CART
0.81,0.19,0.19,0.02666666666666667,0.68,1.4933333333333334,2.7930002212524414,81,0.0405,0.0405,1.0,1.0,OPTIMAL,83.0,83.0,0.0,2.216996,adult_income,45,ODT
0.82,0.18,0.18,0.0,0.72,1.44,3.2764811515808105,0,0.0,0.0,0.0,0.0,OPTIMAL,88.0,88.0,0.0,2.8069486,adult_income,45,EMDT
0.82,0.14834126790364585,0.03898437500000008,0.0,0.72,1.44,2.989422082901001,0,0.0,0.0,0.0,0.0,OPTIMAL,88.0,88.0,0.0,2.4586168,adult_income,45,EMDT-Iso
0.83,0.11511549610364331,0.09886971081996833,0.0,0.68,1.36,0.3714015483856201,0,0.0,0.0,0.0,0.0,NA,,,,,adult_income,45,MonoRF
0.86,0.10465721127877577,0.06846846568165346,0.05333333333333334,0.4,1.0666666666666667,0.1332387924194336,0,0.0,0.0,0.0,0.0,NA,,,,,adult_income,45,XGB-Mono
0.85,0.11449264898669322,0.05722564404766712,0.06666666666666667,0.4,1.1333333333333333,0.012363672256469727,0,0.0,0.0,0.0,0.0,NA,,,,,adult_income,45,LGBM-Mono
0.76,0.1353591833792675,0.12718749988651648,0.013333333333333334,0.92,1.9066666666666667,0.008343219757080078,0,0.0,0.0,0.0,0.0,NA,,,,,adult_income,45,MonoScore
0.86,0.10984791634044243,0.05525410547852516,0.0,0.56,1.12,0.07026457786560059,0,0.0,0.0,0.0,0.0,NA,,,,,adult_income,45,XGB-Mono-Best
0.85,0.11354702039332067,0.05935705448904566,0.06666666666666667,0.4,1.1333333333333333,0.06252074241638184,0,0.0,0.0,0.0,0.0,NA,,,,,adult_income,45,LGBM-Mono-Best
0.76,0.15821380910202673,0.014385222308162261,0.0,0.96,1.92,0.006697654724121094,0,0.0,0.0,0.0,0.0,NA,,,,,adult_income,46,CART
0.75,0.25,0.25,0.013333333333333334,0.96,1.9866666666666666,3.573474645614624,9,0.0045,0.0045,1.0,1.0,OPTIMAL,76.0,76.0,0.0,3.0480987,adult_income,46,ODT
0.74,0.26,0.26,0.02666666666666667,0.96,2.0533333333333332,3.354344606399536,0,0.0,0.0,0.0,0.0,OPTIMAL,81.0,81.0,0.0,2.8419883,adult_income,46,EMDT
0.74,0.19750465846537008,0.055397301349325315,0.02666666666666667,0.96,2.0533333333333332,4.024731159210205,0,0.0,0.0,0.0,0.0,OPTIMAL,81.0,81.0,0.0,3.3996197,adult_income,46,EMDT-Iso
0.79,0.1489134689708619,0.05962555467351477,0.0,0.84,1.68,0.4722120761871338,0,0.0,0.0,0.0,0.0,NA,,,,,adult_income,46,MonoRF
0.81,0.14317519729424533,0.0595760983240325,0.013333333333333334,0.72,1.5066666666666666,0.06740593910217285,0,0.0,0.0,0.0,0.0,NA,,,,,adult_income,46,XGB-Mono
0.79,0.1430522496195534,0.04921393590868402,0.04,0.72,1.64,0.019541025161743164,0,0.0,0.0,0.0,0.0,NA,,,,,adult_income,46,LGBM-Mono
0.78,0.14874162704476235,0.0707683867618063,0.013333333333333334,0.84,1.7466666666666666,0.006793975830078125,0,0.0,0.0,0.0,0.0,NA,,,,,adult_income,46,MonoScore
0.81,0.14397386972115872,0.06252565545262768,0.0,0.76,1.52,0.07939958572387695,0,0.0,0.0,0.0,0.0,NA,,,,,adult_income,46,XGB-Mono-Best
0.8,0.14271212407670603,0.07025352328688435,0.013333333333333334,0.76,1.5866666666666667,0.03152632713317871,0,0.0,0.0,0.0,0.0,NA,,,,,adult_income,46,LGBM-Mono-Best
0.78,0.1426158815635466,0.07502926009252005,0.16,0.4,1.6,0.0035974979400634766,38,0.019,0.013558823529411764,0.713622291021672,1.0,NA,,,,,adult_income,47,CART
0.83,0.17,0.17,0.04,0.56,1.32,8.341708898544312,16,0.008,0.008,1.0,1.0,OPTIMAL,81.0,81.0,0.0,7.899981800000001,adult_income,47,ODT
0.83,0.17,0.17,0.04,0.56,1.32,5.36215615272522,0,0.0,0.0,0.0,0.0,OPTIMAL,87.0,87.0,0.0,4.7028575,adult_income,47,EMDT
0.83,0.14466222019676706,0.05471232876712333,0.04,0.56,1.32,4.659698486328125,0,0.0,0.0,0.0,0.0,OPTIMAL,87.0,87.0,0.0,4.0912615,adult_income,47,EMDT-Iso
0.84,0.12582132001462865,0.06858161683398196,0.0,0.64,1.28,0.4340367317199707,0,0.0,0.0,0.0,0.0,NA,,,,,adult_income,47,MonoRF
0.85,0.12256086949255858,0.07740059948642738,0.06666666666666667,0.4,1.1333333333333333,0.08517837524414062,0,0.0,0.0,0.0,0.0,NA,,,,,adult_income,47,XGB-Mono
0.8,0.13130378610728002,0.10601564027717959,0.13333333333333333,0.4,1.4666666666666668,0.014486074447631836,0,0.0,0.0,0.0,0.0,NA,,,,,adult_income,47,LGBM-Mono
0.79,0.1383980095689758,0.05852770747006167,0.04,0.72,1.64,0.005997419357299805,0,0.0,0.0,0.0,0.0,NA,,,,,adult_income,47,MonoScore
0.84,0.12692503050648785,0.08878575319075027,0.06666666666666667,0.44,1.2133333333333334,0.08229398727416992,0,0.0,0.0,0.0,0.0,NA,,,,,adult_income,47,XGB-Mono-Best
0.8,0.13160640336002102,0.09807988979306739,0.13333333333333333,0.4,1.4666666666666668,0.029932260513305664,0,0.0,0.0,0.0,0.0,NA,,,,,adult_income,47,LGBM-Mono-Best
0.78,0.14392523089135592,0.03453381788814864,0.0,0.88,1.76,0.003811359405517578,0,0.0,0.0,0.0,0.0,NA,,,,,adult_income,48,CART
0.82,0.18,0.18000000000000002,0.013333333333333334,0.68,1.4266666666666667,5.106058835983276,24,0.012,0.012,1.0,1.0,OPTIMAL,80.0,80.0,0.0,4.5981451,adult_income,48,ODT
0.77,0.23,0.22999999999999998,0.013333333333333334,0.88,1.8266666666666667,3.8392672538757324,0,0.0,0.0,0.0,0.0,OPTIMAL,84.0,84.0,0.0,3.1521117000000003,adult_income,48,EMDT
0.77,0.177564173307319,0.019552669552669558,0.013333333333333334,0.88,1.8266666666666667,3.435534954071045,0,0.0,0.0,0.0,0.0,OPTIMAL,84.0,84.0,0.0,3.0976746000000004,adult_income,48,EMDT-Iso
0.8,0.13568599861788327,0.07090966342648318,0.013333333333333334,0.76,1.5866666666666667,0.43389153480529785,0,0.0,0.0,0.0,0.0,NA,,,,,adult_income,48,MonoRF
0.8,0.1262224305396813,0.06231767879333347,0.12,0.44,1.48,0.10044193267822266,0,0.0,0.0,0.0,0.0,NA,,,,,adult_income,48,XGB-Mono
0.83,0.12809931173479325,0.06761453179082871,0.06666666666666667,0.48,1.2933333333333332,0.02800464630126953,0,0.0,0.0,0.0,0.0,NA,,,,,adult_income,48,LGBM-Mono
0.79,0.14128617145459335,0.05185685777058067,0.04,0.72,1.64,0.010097503662109375,0,0.0,0.0,0.0,0.0,NA,,,,,adult_income,48,MonoScore
0.82,0.1270306533381374,0.061627751050982636,0.09333333333333334,0.44,1.3466666666666667,0.07733345031738281,0,0.0,0.0,0.0,0.0,NA,,,,,adult_income,48,XGB-Mono-Best
0.79,0.13118456968504155,0.06073335744840188,0.10666666666666667,0.52,1.5733333333333333,0.027724504470825195,0,0.0,0.0,0.0,0.0,NA,,,,,adult_income,48,LGBM-Mono-Best
0.73,0.16155305765972894,0.06793143084325805,0.18666666666666668,0.52,1.9733333333333334,0.0035789012908935547,1,0.0005,8.787878787878789e-05,0.17575757575757578,0.17575757575757578,NA,,,,,adult_income,49,CART
0.75,0.25,0.25,0.05333333333333334,0.84,1.9466666666666665,4.775964736938477,26,0.013,0.013,1.0,1.0,OPTIMAL,73.0,73.0,0.0,4.2353283,adult_income,49,ODT
0.74,0.26,0.26,0.10666666666666667,0.72,1.9733333333333332,4.067271947860718,0,0.0,0.0,0.0,0.0,OPTIMAL,79.0,79.0,0.0,3.5277476,adult_income,49,EMDT
0.74,0.18692486230943714,0.06001359360556796,0.10666666666666667,0.72,1.9733333333333332,4.146372556686401,0,0.0,0.0,0.0,0.0,OPTIMAL,79.0,79.0,0.0,3.6492538000000003,adult_income,49,EMDT-Iso
0.79,0.15932054514906352,0.08368077473643767,0.04,0.72,1.64,0.48784971237182617,0,0.0,1.1102230246251566e-19,0.0,0.0,NA,,,,,adult_income,49,MonoRF
0.73,0.18305850633691448,0.17645743485889398,0.16,0.6,2.0,0.10343217849731445,0,0.0,0.0,0.0,0.0,NA,,,,,adult_income,49,XGB-Mono
0.74,0.18055691138299057,0.1655085422660453,0.13333333333333333,0.64,1.9466666666666668,0.019244670867919922,0,0.0,0.0,0.0,0.0,NA,,,,,adult_income,49,LGBM-Mono
0.75,0.16446934948956093,0.101472765991673,0.08,0.76,1.92,0.004846334457397461,0,0.0,0.0,0.0,0.0,NA,,,,,adult_income,49,MonoScore
0.74,0.18080448669700008,0.17289953208062794,0.13333333333333333,0.64,1.9466666666666668,0.09303975105285645,0,0.0,0.0,0.0,0.0,NA,,,,,adult_income,49,XGB-Mono-Best
0.74,0.18291709252349178,0.17259646067731274,0.13333333333333333,0.64,1.9466666666666668,0.03276705741882324,0,0.0,0.0,0.0,0.0,NA,,,,,adult_income,49,LGBM-Mono-Best
0.8,0.13727894975198693,0.008682225692038845,0.10666666666666667,0.48,1.4933333333333332,0.0030090808868408203,0,0.0,0.0,0.0,0.0,NA,,,,,adult_income,50,CART
0.79,0.21,0.21,0.06666666666666667,0.64,1.6133333333333333,3.8439228534698486,27,0.0135,0.0135,1.0,1.0,OPTIMAL,77.0,77.0,0.0,3.3355406000000003,adult_income,50,ODT
0.78,0.22,0.22,0.09333333333333334,0.6,1.6666666666666665,4.1877281665802,0,0.0,0.0,0.0,0.0,OPTIMAL,83.0,83.0,0.0,3.6010916,adult_income,50,EMDT
0.78,0.1646815949062526,0.014584527220630413,0.09333333333333334,0.6,1.6666666666666665,3.887052536010742,0,0.0,0.0,0.0,0.0,OPTIMAL,83.0,83.0,0.0,3.3440852000000003,adult_income,50,EMDT-Iso
0.77,0.1404149565909157,0.08243905024189942,0.04,0.8,1.8,0.4784421920776367,0,0.0,0.0,0.0,0.0,NA,,,,,adult_income,50,MonoRF
0.8,0.1405255507327175,0.09449539539054969,0.06666666666666667,0.6,1.5333333333333332,0.04534339904785156,0,0.0,0.0,0.0,0.0,NA,,,,,adult_income,50,XGB-Mono
0.78,0.14273301418654893,0.07694994453210482,0.09333333333333334,0.6,1.6666666666666665,0.017239093780517578,0,0.0,0.0,0.0,0.0,NA,,,,,adult_income,50,LGBM-Mono
0.75,0.14622841705223952,0.08545636713967848,0.06666666666666667,0.8,1.9333333333333333,0.009198188781738281,0,0.0,0.0,0.0,0.0,NA,,,,,adult_income,50,MonoScore
0.8,0.13998315900563246,0.09238173171412199,0.06666666666666667,0.6,1.5333333333333332,0.07811546325683594,0,0.0,0.0,0.0,0.0,NA,,,,,adult_income,50,XGB-Mono-Best
0.78,0.14418303291844536,0.07348848207653265,0.09333333333333334,0.6,1.6666666666666665,0.022343873977661133,0,0.0,0.0,0.0,0.0,NA,,,,,adult_income,50,LGBM-Mono-Best
0.73,0.1731813095051042,0.08454456725486392,0.16,0.6,2.0,0.0007176399230957031,0,0.0,0.0,0.0,0.0,NA,,,,,adult_income,51,CART
0.73,0.27,0.27,0.08,0.84,2.08,3.6116082668304443,19,0.0095,0.0095,1.0,1.0,OPTIMAL,75.0,75.0,0.0,3.183891,adult_income,51,ODT
0.71,0.29,0.29000000000000004,0.10666666666666667,0.84,2.2133333333333334,3.742058753967285,0,0.0,0.0,0.0,0.0,OPTIMAL,81.0,81.0,0.0,3.1208281,adult_income,51,EMDT
0.71,0.20257313158348453,0.08862464183381086,0.10666666666666667,0.84,2.2133333333333334,3.471487045288086,0,0.0,0.0,0.0,0.0,OPTIMAL,81.0,81.0,0.0,2.8903861,adult_income,51,EMDT-Iso
0.77,0.1630857130271334,0.04689894141010077,0.02666666666666667,0.84,1.8133333333333332,0.29444026947021484,0,0.0,1.1102230246251566e-19,0.0,0.0,NA,,,,,adult_income,51,MonoRF
0.76,0.17804641057402876,0.1598889608378522,0.12,0.6,1.7999999999999998,0.08899140357971191,0,0.0,0.0,0.0,0.0,NA,,,,,adult_income,51,XGB-Mono
0.73,0.1803004229007019,0.13516841870224527,0.13333333333333333,0.68,2.026666666666667,0.012137174606323242,0,0.0,0.0,0.0,0.0,NA,,,,,adult_income,51,LGBM-Mono
0.74,0.17269371299754113,0.09375843224594238,0.05333333333333334,0.88,2.026666666666667,0.004243135452270508,0,0.0,0.0,0.0,0.0,NA,,,,,adult_income,51,MonoScore
0.74,0.1788791806767861,0.1338737033680081,0.12,0.68,1.96,0.08538007736206055,0,0.0,0.0,0.0,0.0,NA,,,,,adult_income,51,XGB-Mono-Best
0.74,0.18609696604619363,0.14789345742621002,0.12,0.68,1.96,0.026735544204711914,0,0.0,0.0,0.0,0.0,NA,,,,,adult_income,51,LGBM-Mono-Best
0.87,0.11212030208789413,0.0706866351558889,0.056179775280898875,0.7272727272727273,1.735444330949949,0.0006666183471679688,657,0.3285,0.14480207327001357,0.440797787732157,0.7692307692307693,NA,,,,,bank_marketing,42,CART
0.89,0.11,0.11,0.02247191011235955,0.8181818181818182,1.7487231869254343,2.708568811416626,0,0.0,0.0,0.0,0.0,OPTIMAL,36.0,36.0,0.0,2.1759757,bank_marketing,42,ODT
0.89,0.11,0.11,0.02247191011235955,0.8181818181818182,1.7487231869254343,2.8807382583618164,0,0.0,0.0,0.0,0.0,OPTIMAL,36.0,36.0,0.0,2.2493085,bank_marketing,42,EMDT
0.89,0.09522448979591838,0.0197142857142857,0.02247191011235955,0.8181818181818182,1.7487231869254343,3.126319169998169,0,0.0,0.0,0.0,0.0,OPTIMAL,36.0,36.0,0.0,2.5361785,bank_marketing,42,EMDT-Iso
0.9,0.0876168458712287,0.04247418825272716,0.011235955056179775,0.8181818181818182,1.6925434116445353,0.6616363525390625,0,0.0,0.0,0.0,0.0,NA,,,,,bank_marketing,42,MonoRF
0.86,0.10986687153948667,0.10671377451973967,0.06741573033707865,0.7272727272727273,1.7916241062308478,0.0561068058013916,0,0.0,0.0,0.0,0.0,NA,,,,,bank_marketing,42,XGB-Mono
0.86,0.10882268803955895,0.1081790369365104,0.06741573033707865,0.7272727272727273,1.7916241062308478,0.016326904296875,0,0.0,0.0,0.0,0.0,NA,,,,,bank_marketing,42,LGBM-Mono
0.9,0.08910536925024187,0.03825076399845472,0.011235955056179775,0.8181818181818182,1.6925434116445353,0.0035369396209716797,0,0.0,0.0,0.0,0.0,NA,,,,,bank_marketing,42,MonoScore
0.87,0.11226376141319605,0.09118779340176844,0.06741573033707865,0.6363636363636364,1.609805924412666,0.10568881034851074,0,0.0,0.0,0.0,0.0,NA,,,,,bank_marketing,42,XGB-Mono-Best
0.86,0.11042655030119136,0.09861289110827713,0.06741573033707865,0.7272727272727273,1.7916241062308478,0.05558609962463379,0,0.0,0.0,0.0,0.0,NA,,,,,bank_marketing,42,LGBM-Mono-Best
0.9,0.06795214047976249,0.027379832810867297,0.0,0.9090909090909091,1.8181818181818181,0.0007998943328857422,8,0.004,0.0015196185997910137,0.3799046499477534,0.5757575757575757,NA,,,,,bank_marketing,43,CART
0.9,0.1,0.09999999999999999,0.0,0.9090909090909091,1.8181818181818181,2.4958815574645996,0,0.0,0.0,0.0,0.0,OPTIMAL,38.0,38.0,0.0,2.0341556,bank_marketing,43,ODT
0.9,0.1,0.09999999999999999,0.0,0.9090909090909091,1.8181818181818181,2.8636984825134277,0,0.0,0.0,0.0,0.0,OPTIMAL,38.0,38.0,0.0,2.3716443000000003,bank_marketing,43,EMDT
0.9,0.08991744847813841,0.0042748091603053515,0.0,0.9090909090909091,1.8181818181818181,2.3730359077453613,0,0.0,0.0,0.0,0.0,OPTIMAL,38.0,38.0,0.0,1.8726942000000002,bank_marketing,43,EMDT-Iso
0.89,0.07186031240327147,0.09984804963534902,0.0,1.0,2.0,0.6476554870605469,0,0.0,0.0,0.0,0.0,NA,,,,,bank_marketing,43,MonoRF
0.91,0.06652331514762219,0.05876963698188774,0.011235955056179775,0.7272727272727273,1.5107252298263534,0.06569242477416992,0,0.0,0.0,0.0,0.0,NA,,,,,bank_marketing,43,XGB-Mono
0.92,0.05945261711064323,0.08088591377814162,0.0,0.7272727272727273,1.4545454545454546,0.014280557632446289,0,0.0,0.0,0.0,0.0,NA,,,,,bank_marketing,43,LGBM-Mono
0.9,0.06866201438061746,0.06631920530421653,0.0,0.9090909090909091,1.8181818181818181,0.004039287567138672,0,0.0,0.0,0.0,0.0,NA,,,,,bank_marketing,43,MonoScore
0.92,0.06745657613739614,0.05258406028384343,0.011235955056179775,0.6363636363636364,1.3289070480081715,0.09224843978881836,0,0.0,0.0,0.0,0.0,NA,,,,,bank_marketing,43,XGB-Mono-Best
0.92,0.06038392642786095,0.0669555507345162,0.0,0.7272727272727273,1.4545454545454546,0.03722333908081055,0,0.0,0.0,0.0,0.0,NA,,,,,bank_marketing,43,LGBM-Mono-Best
0.88,0.09915015476362025,0.04026497150584372,0.011235955056179775,1.0,2.056179775280899,0.008091449737548828,126,0.063,0.03170129870129871,0.5031952174809318,0.5238095238095238,NA,,,,,bank_marketing,44,CART
0.86,0.14,0.14,0.0449438202247191,0.9090909090909091,2.0429009193054135,2.905221939086914,158,0.079,0.079,1.0,1.0,OPTIMAL,36.0,36.0,0.0,2.3877107,bank_marketing,44,ODT
0.89,0.11,0.11,0.02247191011235955,0.8181818181818182,1.7487231869254343,2.853267192840576,0,0.0,0.0,0.0,0.0,OPTIMAL,38.0,38.0,0.0,2.4035241000000003,bank_marketing,44,EMDT
0.89,0.09331327811415445,0.015519889417908158,0.02247191011235955,0.8181818181818182,1.7487231869254343,2.7264773845672607,0,0.0,0.0,0.0,0.0,OPTIMAL,38.0,38.0,0.0,2.1297419,bank_marketing,44,EMDT-Iso
0.9,0.09090843228220667,0.04104792396992466,0.0,0.9090909090909091,1.8181818181818181,0.3688793182373047,0,0.0,0.0,0.0,0.0,NA,,,,,bank_marketing,44,MonoRF
0.89,0.10023021935535853,0.10671436266959064,0.011235955056179775,0.9090909090909091,1.874361593462717,0.06546568870544434,0,0.0,0.0,0.0,0.0,NA,,,,,bank_marketing,44,XGB-Mono
0.88,0.10097837353934085,0.11255080132791041,0.02247191011235955,0.9090909090909091,1.930541368743616,0.015329360961914062,0,0.0,0.0,0.0,0.0,NA,,,,,bank_marketing,44,LGBM-Mono
0.89,0.09469033310611104,0.041649500535316,0.011235955056179775,0.9090909090909091,1.874361593462717,0.004153728485107422,0,0.0,0.0,0.0,0.0,NA,,,,,bank_marketing,44,MonoScore
0.88,0.10156044867973905,0.11061378640297337,0.02247191011235955,0.9090909090909091,1.930541368743616,0.10580611228942871,0,0.0,0.0,0.0,0.0,NA,,,,,bank_marketing,44,XGB-Mono-Best
0.88,0.10210080660484046,0.10921227743894625,0.02247191011235955,0.9090909090909091,1.930541368743616,0.0746297836303711,0,0.0,0.0,0.0,0.0,NA,,,,,bank_marketing,44,LGBM-Mono-Best
0.86,0.08025218080783043,0.06630243222972249,0.10112359550561797,0.45454545454545453,1.414708886618999,0.0011811256408691406,1,0.0005,8.5e-05,0.17,0.17,NA,,,,,bank_marketing,45,CART
0.9,0.1,0.1,0.033707865168539325,0.6363636363636364,1.4412665985699693,2.737116813659668,159,0.0795,0.0795,1.0,1.0,OPTIMAL,40.0,40.0,0.0,2.2074543,bank_marketing,45,ODT
0.92,0.08,0.08,0.0,0.7272727272727273,1.4545454545454546,2.5531389713287354,0,0.0,0.0,0.0,0.0,OPTIMAL,41.0,41.0,0.0,2.1555181,bank_marketing,45,EMDT
0.92,0.07458735946129336,0.023477157360406103,0.0,0.7272727272727273,1.4545454545454546,2.8985724449157715,0,0.0,0.0,0.0,0.0,OPTIMAL,41.0,41.0,0.0,2.5396553,bank_marketing,45,EMDT-Iso
0.92,0.06655621424919025,0.07674554032538516,0.011235955056179775,0.6363636363636364,1.3289070480081715,0.31875109672546387,0,0.0,0.0,0.0,0.0,NA,,,,,bank_marketing,45,MonoRF
0.88,0.07443208065497704,0.07034539919521193,0.07865168539325842,0.45454545454545453,1.3023493360572012,0.05967283248901367,0,0.0,0.0,0.0,0.0,NA,,,,,bank_marketing,45,XGB-Mono
0.89,0.0724571050194928,0.06674807223557869,0.06741573033707865,0.45454545454545453,1.2461695607763024,0.014836311340332031,0,0.0,0.0,0.0,0.0,NA,,,,,bank_marketing,45,LGBM-Mono
0.9,0.07051092687368937,0.0559254618893961,0.011235955056179775,0.8181818181818182,1.6925434116445353,0.013119220733642578,0,0.0,0.0,0.0,0.0,NA,,,,,bank_marketing,45,MonoScore
0.89,0.07754075752283836,0.06613031342538307,0.06741573033707865,0.45454545454545453,1.2461695607763024,0.09759640693664551,0,0.0,0.0,0.0,0.0,NA,,,,,bank_marketing,45,XGB-Mono-Best
0.89,0.07401254256958105,0.06883101259113715,0.06741573033707865,0.45454545454545453,1.2461695607763024,0.03259849548339844,0,0.0,0.0,0.0,0.0,NA,,,,,bank_marketing,45,LGBM-Mono-Best
0.88,0.09716846042099955,0.04863960384557398,0.0449438202247191,0.7272727272727273,1.6792645556690502,0.004086017608642578,2,0.001,0.00030636363636363635,0.30636363636363634,0.48,NA,,,,,bank_marketing,46,CART
0.88,0.12,0.11999999999999998,0.011235955056179775,1.0,2.056179775280899,3.0366289615631104,0,0.0,0.0,0.0,0.0,OPTIMAL,35.0,35.0,0.0,2.4099081,bank_marketing,46,ODT
0.88,0.12,0.11999999999999998,0.011235955056179775,1.0,2.056179775280899,2.7252089977264404,0,0.0,0.0,0.0,0.0,OPTIMAL,35.0,35.0,0.0,2.2027182,bank_marketing,46,EMDT
0.88,0.10471574328730568,0.037437463641652104,0.011235955056179775,1.0,2.056179775280899,2.7382266521453857,0,0.0,0.0,0.0,0.0,OPTIMAL,35.0,35.0,0.0,2.2217225000000003,bank_marketing,46,EMDT-Iso
0.89,0.08791295404547796,0.0462941666503416,0.0,1.0,2.0,0.4315049648284912,0,0.0,0.0,0.0,0.0,NA,,,,,bank_marketing,46,MonoRF
0.88,0.09463820879988845,0.07141356522683052,0.033707865168539325,0.8181818181818182,1.804902962206333,0.043105125427246094,0,0.0,0.0,0.0,0.0,NA,,,,,bank_marketing,46,XGB-Mono
0.89,0.09238340456289132,0.08509098053009868,0.02247191011235955,0.8181818181818182,1.7487231869254343,0.01205301284790039,0,0.0,0.0,0.0,0.0,NA,,,,,bank_marketing,46,LGBM-Mono
0.9,0.08673133463756103,0.0323319012724422,0.0,0.9090909090909091,1.8181818181818181,0.010017156600952148,0,0.0,0.0,0.0,0.0,NA,,,,,bank_marketing,46,MonoScore
0.88,0.09569065209758186,0.0705546955903992,0.033707865168539325,0.8181818181818182,1.804902962206333,0.13071918487548828,0,0.0,0.0,0.0,0.0,NA,,,,,bank_marketing,46,XGB-Mono-Best
0.89,0.09293067100993088,0.08558482221951648,0.02247191011235955,0.8181818181818182,1.7487231869254343,0.06366753578186035,0,0.0,0.0,0.0,0.0,NA,,,,,bank_marketing,46,LGBM-Mono-Best
0.93,0.08067970993788327,0.09418203175649983,0.02247191011235955,0.45454545454545453,1.0214504596527068,0.0030121803283691406,400,0.2,0.09362746697746697,0.4681373348873349,0.5,NA,,,,,bank_marketing,47,CART
0.89,0.11,0.11000000000000001,0.0449438202247191,0.6363636363636364,1.497446373850868,2.7368297576904297,0,0.0,0.0,0.0,0.0,OPTIMAL,37.0,37.0,0.0,2.239574,bank_marketing,47,ODT
0.9,0.1,0.09999999999999999,0.02247191011235955,0.7272727272727273,1.5669050051072524,2.570566415786743,0,0.0,0.0,0.0,0.0,OPTIMAL,38.0,38.0,0.0,2.030577,bank_marketing,47,EMDT
0.9,0.08616802533685654,0.010562770562770565,0.02247191011235955,0.7272727272727273,1.5669050051072524,2.218874454498291,0,0.0,0.0,0.0,0.0,OPTIMAL,38.0,38.0,0.0,1.805514,bank_marketing,47,EMDT-Iso
0.89,0.06895699447238642,0.0833827701133928,0.0,1.0,2.0,0.38515305519104004,0,0.0,0.0,0.0,0.0,NA,,,,,bank_marketing,47,MonoRF
0.92,0.06515509553728291,0.03099843215837609,0.011235955056179775,0.6363636363636364,1.3289070480081715,0.0750730037689209,0,0.0,0.0,0.0,0.0,NA,,,,,bank_marketing,47,XGB-Mono
0.91,0.06976825647254112,0.03798625358139431,0.011235955056179775,0.7272727272727273,1.5107252298263534,0.024097681045532227,0,0.0,0.0,0.0,0.0,NA,,,,,bank_marketing,47,LGBM-Mono
0.91,0.06462932104597927,0.06143803564796238,0.0,0.8181818181818182,1.6363636363636365,0.0060727596282958984,0,0.0,0.0,0.0,0.0,NA,,,,,bank_marketing,47,MonoScore
0.92,0.0667783454953874,0.05327875552058686,0.011235955056179775,0.6363636363636364,1.3289070480081715,0.12102580070495605,0,0.0,0.0,0.0,0.0,NA,,,,,bank_marketing,47,XGB-Mono-Best
0.91,0.0709522547430348,0.04310723762070423,0.011235955056179775,0.7272727272727273,1.5107252298263534,0.049124956130981445,0,0.0,0.0,0.0,0.0,NA,,,,,bank_marketing,47,LGBM-Mono-Best
0.88,0.07693651047660292,0.03511561222788848,0.0449438202247191,0.7272727272727273,1.6792645556690502,0.001775979995727539,9,0.0045,0.0012511446886446884,0.278032153032153,0.7692307692307692,NA,,,,,bank_marketing,48,CART
0.9,0.1,0.09999999999999999,0.0,0.9090909090909091,1.8181818181818181,2.2952427864074707,0,0.0,0.0,0.0,0.0,OPTIMAL,38.0,38.0,0.0,1.8018820000000002,bank_marketing,48,ODT
0.9,0.1,0.09999999999999999,0.0,0.9090909090909091,1.8181818181818181,2.410451889038086,0,0.0,0.0,0.0,0.0,OPTIMAL,38.0,38.0,0.0,1.9855049,bank_marketing,48,EMDT
0.9,0.08991744847813841,0.0042748091603053515,0.0,0.9090909090909091,1.8181818181818181,2.30368971824646,0,0.0,0.0,0.0,0.0,OPTIMAL,38.0,38.0,0.0,1.8295811000000002,bank_marketing,48,EMDT-Iso
0.91,0.07672707751000835,0.036975879416306166,0.0,0.8181818181818182,1.6363636363636365,0.49544763565063477,0,0.0,0.0,0.0,0.0,NA,,,,,bank_marketing,48,MonoRF
0.91,0.07067106764475418,0.05514632529957452,0.02247191011235955,0.6363636363636364,1.3850868232890705,0.08645796775817871,0,0.0,0.0,0.0,0.0,NA,,,,,bank_marketing,48,XGB-Mono
0.92,0.06936095491461447,0.061018763133552124,0.011235955056179775,0.6363636363636364,1.3289070480081715,0.03508591651916504,0,0.0,0.0,0.0,0.0,NA,,,,,bank_marketing,48,LGBM-Mono
0.91,0.0801283392418097,0.04770026017979483,0.0,0.8181818181818182,1.6363636363636365,0.010802984237670898,0,0.0,0.0,0.0,0.0,NA,,,,,bank_marketing,48,MonoScore
0.9,0.07168430910445216,0.044930732989450925,0.02247191011235955,0.7272727272727273,1.5669050051072524,0.08466887474060059,0,0.0,0.0,0.0,0.0,NA,,,,,bank_marketing,48,XGB-Mono-Best
0.92,0.0692863912741554,0.05055811664661764,0.011235955056179775,0.6363636363636364,1.3289070480081715,0.035294294357299805,0,0.0,0.0,0.0,0.0,NA,,,,,bank_marketing,48,LGBM-Mono-Best
0.89,0.0991524328803241,0.06793985628555749,0.02247191011235955,0.8181818181818182,1.7487231869254343,0.007733345031738281,185,0.0925,0.013871484528006267,0.149961994897365,0.7297297297297297,NA,,,,,bank_marketing,49,CART
0.89,0.11,0.11,0.02247191011235955,0.8181818181818182,1.7487231869254343,2.1222667694091797,0,0.0,0.0,0.0,0.0,OPTIMAL,36.0,36.0,0.0,1.7083487000000002,bank_marketing,49,ODT
0.9,0.1,0.09999999999999999,0.011235955056179775,0.8181818181818182,1.6925434116445353,2.273385524749756,0,0.0,0.0,0.0,0.0,OPTIMAL,37.0,37.0,0.0,1.8622446000000001,bank_marketing,49,EMDT
0.9,0.0885699462890625,0.009140625000000005,0.011235955056179775,0.8181818181818182,1.6925434116445353,2.4774420261383057,0,0.0,0.0,0.0,0.0,OPTIMAL,37.0,37.0,0.0,1.9886483000000001,bank_marketing,49,EMDT-Iso
0.89,0.0884289516987913,0.03860979047018137,0.0,1.0,2.0,0.35465288162231445,0,0.0,0.0,0.0,0.0,NA,,,,,bank_marketing,49,MonoRF
0.86,0.10119174081835125,0.07641893095220441,0.056179775280898875,0.8181818181818182,1.9172625127681309,0.06911087036132812,0,0.0,0.0,0.0,0.0,NA,,,,,bank_marketing,49,XGB-Mono
0.87,0.09965747888150447,0.08296122382355758,0.0449438202247191,0.8181818181818182,1.8610827374872319,0.016666889190673828,0,0.0,0.0,0.0,0.0,NA,,,,,bank_marketing,49,LGBM-Mono
0.9,0.09105371957552398,0.03231983449538876,0.011235955056179775,0.8181818181818182,1.6925434116445353,0.0037679672241210938,0,0.0,0.0,0.0,0.0,NA,,,,,bank_marketing,49,MonoScore
0.86,0.10388044115618898,0.08266154581680894,0.056179775280898875,0.8181818181818182,1.9172625127681309,0.1128838062286377,0,0.0,0.0,0.0,0.0,NA,,,,,bank_marketing,49,XGB-Mono-Best
0.85,0.09881692669726683,0.07421158712994703,0.06741573033707865,0.8181818181818182,1.9734422880490297,0.03775477409362793,0,0.0,0.0,0.0,0.0,NA,,,,,bank_marketing,49,LGBM-Mono-Best
0.86,0.116490246055504,0.08189982375348227,0.0449438202247191,0.9090909090909091,2.0429009193054135,0.007276058197021484,636,0.318,0.10036526806526808,0.3156140505197109,0.42307692307692313,NA,,,,,bank_marketing,50,CART
0.88,0.12,0.12,0.02247191011235955,0.9090909090909091,1.930541368743616,2.4064676761627197,0,0.0,0.0,0.0,0.0,OPTIMAL,35.0,35.0,0.0,1.9339992000000001,bank_marketing,50,ODT
0.88,0.12,0.12,0.02247191011235955,0.9090909090909091,1.930541368743616,2.34226131439209,0,0.0,0.0,0.0,0.0,OPTIMAL,35.0,35.0,0.0,1.9133307000000002,bank_marketing,50,EMDT
0.88,0.10362413194444446,0.03354166666666665,0.02247191011235955,0.9090909090909091,1.930541368743616,2.3074309825897217,0,0.0,0.0,0.0,0.0,OPTIMAL,35.0,35.0,0.0,1.8167566000000002,bank_marketing,50,EMDT-Iso
0.89,0.08967848029358408,0.0651122076946859,0.0,1.0,2.0,0.40862345695495605,0,0.0,0.0,0.0,0.0,NA,,,,,bank_marketing,50,MonoRF
0.85,0.09461712023896073,0.07511188100848812,0.0449438202247191,1.0,2.2247191011235956,0.06295466423034668,0,0.0,0.0,0.0,0.0,NA,,,,,bank_marketing,50,XGB-Mono
0.85,0.09481636322239062,0.0705236621239341,0.0449438202247191,1.0,2.2247191011235956,0.013911247253417969,0,0.0,0.0,0.0,0.0,NA,,,,,bank_marketing,50,LGBM-Mono
0.88,0.09715038928250888,0.05562327775012965,0.011235955056179775,1.0,2.056179775280899,0.004231452941894531,0,0.0,0.0,0.0,0.0,NA,,,,,bank_marketing,50,MonoScore
0.85,0.09825742472634082,0.07465331314713694,0.0449438202247191,1.0,2.2247191011235956,0.0858004093170166,0,0.0,0.0,0.0,0.0,NA,,,,,bank_marketing,50,XGB-Mono-Best
0.86,0.09431137159069411,0.06929744619136144,0.0449438202247191,0.9090909090909091,2.0429009193054135,0.06206154823303223,0,0.0,0.0,0.0,0.0,NA,,,,,bank_marketing,50,LGBM-Mono-Best
0.89,0.10100451122581632,0.0869923400582587,0.033707865168539325,0.7272727272727273,1.6230847803881512,0.007651805877685547,649,0.3245,0.13107234976804402,0.4039209546010602,0.6923076923076923,NA,,,,,bank_marketing,51,CART
0.89,0.11,0.10999999999999999,0.033707865168539325,0.7272727272727273,1.6230847803881512,2.297846555709839,172,0.086,0.086,1.0,1.0,OPTIMAL,38.0,38.0,0.0,1.8791816000000001,bank_marketing,51,ODT
0.91,0.09,0.08999999999999998,0.011235955056179775,0.7272727272727273,1.5107252298263534,2.3587119579315186,0,0.0,0.0,0.0,0.0,OPTIMAL,40.0,40.0,0.0,1.9163262,bank_marketing,51,EMDT
0.91,0.0812856135314972,0.009339579173706038,0.011235955056179775,0.7272727272727273,1.5107252298263534,2.3167214393615723,0,0.0,0.0,0.0,0.0,OPTIMAL,40.0,40.0,0.0,1.8131403000000001,bank_marketing,51,EMDT-Iso
0.86,0.09461549827142485,0.044923340915608984,0.033707865168539325,1.0,2.168539325842697,0.5173003673553467,0,0.0,0.0,0.0,0.0,NA,,,,,bank_marketing,51,MonoRF
0.86,0.1129015822355243,0.11918454246188048,0.056179775280898875,0.8181818181818182,1.9172625127681309,0.05738234519958496,0,0.0,0.0,0.0,0.0,NA,,,,,bank_marketing,51,XGB-Mono
0.87,0.11159525034231713,0.10554318703754896,0.0449438202247191,0.8181818181818182,1.8610827374872319,0.013921737670898438,0,0.0,0.0,0.0,0.0,NA,,,,,bank_marketing,51,LGBM-Mono
0.87,0.098344274068945,0.03723004231923061,0.033707865168539325,0.9090909090909091,1.9867211440245147,0.004571199417114258,0,0.0,0.0,0.0,0.0,NA,,,,,bank_marketing,51,MonoScore
0.88,0.11384274377227452,0.11564497989427763,0.033707865168539325,0.8181818181818182,1.804902962206333,0.11469841003417969,0,0.0,0.0,0.0,0.0,NA,,,,,bank_marketing,51,XGB-Mono-Best
0.86,0.1117163531154665,0.10596811718578278,0.056179775280898875,0.8181818181818182,1.9172625127681309,0.0566253662109375,0,0.0,0.0,0.0,0.0,NA,,,,,bank_marketing,51,LGBM-Mono-Best
