Accuracy,Brier,ECE,FPR,FNR,Cost,Time,violations,viol_rate,viol_severity_mean,viol_severity_cond,viol_severity_max,SolverStatus,Objective,BestBound,RelativeGap,SolverWallTime,Dataset,Method,Seed
0.65,0.21052946150302887,0.05422128245234487,0.6444444444444445,0.10909090909090909,3.4404040404040406,0.22155022621154785,0,0.0,0.0,0.0,0.0,NA,,,,,compas_real,MonoXGB1,42
0.67,0.21177378296852112,0.03609740644693375,0.6,0.10909090909090909,3.2181818181818183,0.004151821136474609,0,0.0,0.0,0.0,0.0,NA,,,,,compas_real,MonoXGB1,43
0.6,0.23446816205978394,0.11772121906280517,0.7111111111111111,0.14545454545454545,3.846464646464647,0.004042863845825195,0,0.0,0.0,0.0,0.0,NA,,,,,compas_real,MonoXGB1,44
0.67,0.21264995634555817,0.09182384848594663,0.4888888888888889,0.2,2.844444444444444,0.004795074462890625,0,0.0,0.0,0.0,0.0,NA,,,,,compas_real,MonoXGB1,45
0.67,0.20997202396392822,0.05060870051383972,0.5111111111111111,0.18181818181818182,2.919191919191919,0.005655527114868164,0,0.0,0.0,0.0,0.0,NA,,,,,compas_real,MonoXGB1,46
0.69,0.21309994161128998,0.05673917055130005,0.5777777777777777,0.09090909090909091,3.07070707070707,0.005629539489746094,0,0.0,0.0,0.0,0.0,NA,,,,,compas_real,MonoXGB1,47
0.69,0.2054433971643448,0.053059925138950366,0.6,0.07272727272727272,3.1454545454545455,0.006547451019287109,0,0.0,0.0,0.0,0.0,NA,,,,,compas_real,MonoXGB1,48
0.66,0.2249497026205063,0.0740581873059273,0.5333333333333333,0.18181818181818182,3.0303030303030303,0.006991147994995117,0,0.0,0.0,0.0,0.0,NA,,,,,compas_real,MonoXGB1,49
0.69,0.21479211747646332,0.0723315717279911,0.5333333333333333,0.12727272727272726,2.921212121212121,0.006076335906982422,0,0.0,0.0,0.0,0.0,NA,,,,,compas_real,MonoXGB1,50
0.65,0.2120189070701599,0.05539702534675598,0.4444444444444444,0.2727272727272727,2.7676767676767677,0.006859779357910156,0,0.0,0.0,0.0,0.0,NA,,,,,compas_real,MonoXGB1,51
0.7,0.2140999585390091,0.08507301270961762,0.8,0.08571428571428572,4.171428571428572,0.0059261322021484375,0,0.0,0.0,0.0,0.0,NA,,,,,german_real,MonoXGB1,42
0.7,0.19334466755390167,0.09117265820503233,0.8333333333333334,0.07142857142857142,4.30952380952381,0.007272005081176758,0,0.0,0.0,0.0,0.0,NA,,,,,german_real,MonoXGB1,43
0.69,0.24167221784591675,0.1639130999147892,1.0,0.014285714285714285,5.0285714285714285,0.00789332389831543,0,0.0,0.0,0.0,0.0,NA,,,,,german_real,MonoXGB1,44
0.74,0.20855528116226196,0.12125342816114426,0.8666666666666667,0.0,4.333333333333334,0.008048772811889648,0,0.0,0.0,0.0,0.0,NA,,,,,german_real,MonoXGB1,45
0.65,0.2317836731672287,0.14262154281139372,0.8333333333333334,0.14285714285714285,4.4523809523809526,0.005268573760986328,0,0.0,0.0,0.0,0.0,NA,,,,,german_real,MonoXGB1,46
0.7,0.20241494476795197,0.08271837562322615,0.8666666666666667,0.05714285714285714,4.447619047619048,0.006772041320800781,0,0.0,0.0,0.0,0.0,NA,,,,,german_real,MonoXGB1,47
0.66,0.22352376580238342,0.09019437670707704,0.9,0.1,4.7,0.0061609745025634766,0,0.0,0.0,0.0,0.0,NA,,,,,german_real,MonoXGB1,48
0.74,0.1885475218296051,0.04389708101749417,0.8,0.02857142857142857,4.057142857142857,0.0063245296478271484,0,0.0,0.0,0.0,0.0,NA,,,,,german_real,MonoXGB1,49
0.66,0.22807154059410095,0.10230218589305877,0.8333333333333334,0.12857142857142856,4.423809523809524,0.004888772964477539,0,0.0,0.0,0.0,0.0,NA,,,,,german_real,MonoXGB1,50
0.74,0.19269922375679016,0.0760880756378174,0.8,0.02857142857142857,4.057142857142857,0.00755763053894043,0,0.0,0.0,0.0,0.0,NA,,,,,german_real,MonoXGB1,51
0.77,0.1574324071407318,0.04949023991823196,0.10666666666666667,0.6,1.7333333333333334,0.0074138641357421875,0,0.0,0.0,0.0,0.0,NA,,,,,adult_income,MonoXGB1,42
0.8,0.1459699273109436,0.024160171598196025,0.08,0.56,1.52,0.006761312484741211,0,0.0,0.0,0.0,0.0,NA,,,,,adult_income,MonoXGB1,43
0.73,0.18393762409687042,0.04825736463069914,0.10666666666666667,0.76,2.0533333333333332,0.007605552673339844,0,0.0,0.0,0.0,0.0,NA,,,,,adult_income,MonoXGB1,44
0.81,0.14029309153556824,0.035987090840935716,0.09333333333333334,0.48,1.4266666666666667,0.005555391311645508,0,0.0,0.0,0.0,0.0,NA,,,,,adult_income,MonoXGB1,45
0.76,0.1509268879890442,0.0680327870696783,0.0,0.96,1.92,0.006453752517700195,0,0.0,0.0,0.0,0.0,NA,,,,,adult_income,MonoXGB1,46
0.79,0.15703412890434265,0.049820098280906666,0.12,0.48,1.56,0.006265878677368164,0,0.0,0.0,0.0,0.0,NA,,,,,adult_income,MonoXGB1,47
0.78,0.15045079588890076,0.030462933927774438,0.0,0.88,1.76,0.005232334136962891,0,0.0,0.0,0.0,0.0,NA,,,,,adult_income,MonoXGB1,48
0.73,0.18750163912773132,0.10874623462557792,0.16,0.6,2.0,0.007966041564941406,0,0.0,0.0,0.0,0.0,NA,,,,,adult_income,MonoXGB1,49
0.8,0.14085841178894043,0.028894533812999723,0.10666666666666667,0.48,1.4933333333333332,0.00585174560546875,0,0.0,0.0,0.0,0.0,NA,,,,,adult_income,MonoXGB1,50
0.72,0.19714315235614777,0.12157554432749748,0.14666666666666667,0.68,2.0933333333333337,0.007334232330322266,0,0.0,0.0,0.0,0.0,NA,,,,,adult_income,MonoXGB1,51
0.85,0.11794249713420868,0.08709949880838394,0.0898876404494382,0.6363636363636364,1.7221654749744637,0.006493568420410156,0,0.0,0.0,0.0,0.0,NA,,,,,bank_marketing,MonoXGB1,42
0.86,0.101608507335186,0.05797776054590941,0.056179775280898875,0.8181818181818182,1.9172625127681309,0.0062787532806396484,0,0.0,0.0,0.0,0.0,NA,,,,,bank_marketing,MonoXGB1,43
0.86,0.11706528812646866,0.060303632766008385,0.06741573033707865,0.7272727272727273,1.7916241062308478,0.007626056671142578,0,0.0,0.0,0.0,0.0,NA,,,,,bank_marketing,MonoXGB1,44
0.86,0.10762741416692734,0.09835161369293927,0.10112359550561797,0.45454545454545453,1.414708886618999,0.004647254943847656,0,0.0,0.0,0.0,0.0,NA,,,,,bank_marketing,MonoXGB1,45
0.89,0.0946510061621666,0.041313541047275054,0.033707865168539325,0.7272727272727273,1.6230847803881512,0.007542610168457031,0,0.0,0.0,0.0,0.0,NA,,,,,bank_marketing,MonoXGB1,46
0.84,0.1071573942899704,0.07921775948256254,0.11235955056179775,0.5454545454545454,1.6527068437180796,0.006406068801879883,0,0.0,0.0,0.0,0.0,NA,,,,,bank_marketing,MonoXGB1,47
0.88,0.09513276070356369,0.042615385167300714,0.0449438202247191,0.7272727272727273,1.6792645556690502,0.0058286190032958984,0,0.0,0.0,0.0,0.0,NA,,,,,bank_marketing,MonoXGB1,48
0.87,0.10909074544906616,0.05257853232324124,0.0449438202247191,0.8181818181818182,1.8610827374872319,0.005408287048339844,0,0.0,0.0,0.0,0.0,NA,,,,,bank_marketing,MonoXGB1,49
0.88,0.09144455939531326,0.0651591344177723,0.033707865168539325,0.8181818181818182,1.804902962206333,0.0076062679290771484,0,0.0,0.0,0.0,0.0,NA,,,,,bank_marketing,MonoXGB1,50
0.82,0.14092567563056946,0.08629792969673872,0.11235955056179775,0.7272727272727273,2.0163432073544434,0.007338762283325195,0,0.0,0.0,0.0,0.0,NA,,,,,bank_marketing,MonoXGB1,51
