Dataset,Noise,Seed,CART_acc,CART_time,EMDT_acc,EMDT_time,EMDT_status
Linear,0.1,42,0.55,0.0009953975677490234,0.575,14.58065128326416,OPTIMAL
Linear,0.1,43,0.55,0.0007121562957763672,0.55,1.9725024700164795,OPTIMAL
Linear,0.1,44,0.7,0.0010116100311279297,0.625,9.605419158935547,OPTIMAL
Linear,0.1,45,0.625,0.0006823539733886719,0.55,8.29695439338684,OPTIMAL
Linear,0.1,46,0.525,0.001085042953491211,0.55,9.641209125518799,OPTIMAL
Linear,0.1,47,0.6,0.0008180141448974609,0.6,9.80348014831543,OPTIMAL
Linear,0.1,48,0.75,0.0009677410125732422,0.8,4.587569713592529,OPTIMAL
Linear,0.1,49,0.65,0.000986337661743164,0.65,8.375485181808472,OPTIMAL
Linear,0.1,50,0.55,0.0010373592376708984,0.575,15.206936120986938,FEASIBLE
Linear,0.1,51,0.65,0.0009145736694335938,0.625,11.685716152191162,OPTIMAL
Linear,0.1,52,0.7,0.0008959770202636719,0.675,6.083914279937744,OPTIMAL
Linear,0.1,53,0.575,0.0006799697875976562,0.725,15.177802085876465,OPTIMAL
Linear,0.1,54,0.575,0.0006916522979736328,0.65,15.207667589187622,FEASIBLE
Linear,0.1,55,0.625,0.0006804466247558594,0.525,15.188575744628906,FEASIBLE
Linear,0.1,56,0.65,0.0007865428924560547,0.725,15.214103698730469,FEASIBLE
Linear,0.1,57,0.65,0.0008144378662109375,0.675,11.481811761856079,OPTIMAL
Linear,0.1,58,0.675,0.0007119178771972656,0.625,4.712363004684448,OPTIMAL
Linear,0.1,59,0.525,0.0008864402770996094,0.525,12.722590684890747,OPTIMAL
Linear,0.1,60,0.6,0.001050710678100586,0.6,15.177179098129272,FEASIBLE
Linear,0.1,61,0.75,0.0006825923919677734,0.7,3.325047492980957,OPTIMAL
Linear,0.1,62,0.625,0.0007188320159912109,0.75,15.192430973052979,FEASIBLE
Linear,0.1,63,0.65,0.0007030963897705078,0.675,8.677197456359863,OPTIMAL
Linear,0.1,64,0.65,0.0008709430694580078,0.775,12.785824537277222,OPTIMAL
Linear,0.1,65,0.575,0.0007710456848144531,0.55,15.18722128868103,FEASIBLE
Linear,0.1,66,0.625,0.0012030601501464844,0.725,8.375121831893921,OPTIMAL
Linear,0.1,67,0.675,0.0007424354553222656,0.7,14.060248136520386,OPTIMAL
Linear,0.1,68,0.525,0.0007669925689697266,0.6,13.846807956695557,OPTIMAL
Linear,0.1,69,0.675,0.0011744499206542969,0.65,15.194580078125,FEASIBLE
Linear,0.1,70,0.625,0.0009129047393798828,0.65,15.167739629745483,FEASIBLE
Linear,0.1,71,0.6,0.0015981197357177734,0.8,6.148854732513428,OPTIMAL
Linear,0.25,42,0.525,0.0017516613006591797,0.6,15.306170463562012,FEASIBLE
Linear,0.25,43,0.525,0.000972747802734375,0.55,13.426044464111328,OPTIMAL
Linear,0.25,44,0.525,0.0023908615112304688,0.575,15.256023168563843,FEASIBLE
Linear,0.25,45,0.5,0.0010528564453125,0.55,15.293582201004028,FEASIBLE
Linear,0.25,46,0.525,0.0025064945220947266,0.55,15.323838472366333,FEASIBLE
Linear,0.25,47,0.525,0.0010495185852050781,0.55,15.364413022994995,FEASIBLE
Linear,0.25,48,0.675,0.0009920597076416016,0.6,15.301969528198242,FEASIBLE
Linear,0.25,49,0.625,0.0018763542175292969,0.625,15.327630758285522,FEASIBLE
Linear,0.25,50,0.475,0.001359701156616211,0.475,15.376250982284546,FEASIBLE
Linear,0.25,51,0.525,0.001943826675415039,0.525,15.266302585601807,FEASIBLE
Linear,0.25,52,0.45,0.0007474422454833984,0.475,15.333973407745361,FEASIBLE
Linear,0.25,53,0.6,0.0014455318450927734,0.675,15.331099510192871,FEASIBLE
Linear,0.25,54,0.575,0.0009710788726806641,0.575,15.296011686325073,FEASIBLE
Linear,0.25,55,0.575,0.0007946491241455078,0.55,15.279108047485352,FEASIBLE
Linear,0.25,56,0.65,0.0013606548309326172,0.625,15.286836385726929,FEASIBLE
Linear,0.25,57,0.45,0.0019197463989257812,0.45,12.124625444412231,OPTIMAL
Linear,0.25,58,0.5,0.0008072853088378906,0.6,15.287237167358398,FEASIBLE
Linear,0.25,59,0.725,0.0009367465972900391,0.65,15.286635875701904,FEASIBLE
Linear,0.25,60,0.475,0.0007264614105224609,0.55,15.260652542114258,FEASIBLE
Linear,0.25,61,0.55,0.0025348663330078125,0.625,15.323775291442871,FEASIBLE
Linear,0.25,62,0.65,0.002416849136352539,0.575,15.304624319076538,FEASIBLE
Linear,0.25,63,0.725,0.0013842582702636719,0.725,15.377017259597778,FEASIBLE
Linear,0.25,64,0.625,0.0016374588012695312,0.625,15.326947450637817,FEASIBLE
Linear,0.25,65,0.5,0.0009827613830566406,0.55,15.305486917495728,FEASIBLE
Linear,0.25,66,0.625,0.0007560253143310547,0.625,15.314003944396973,FEASIBLE
Linear,0.25,67,0.575,0.0016345977783203125,0.65,14.060431957244873,OPTIMAL
Linear,0.25,68,0.7,0.0013010501861572266,0.6,15.352590322494507,FEASIBLE
Linear,0.25,69,0.675,0.0007791519165039062,0.675,14.522791147232056,OPTIMAL
Linear,0.25,70,0.7,0.0009541511535644531,0.725,15.301607608795166,FEASIBLE
Linear,0.25,71,0.5,0.00113677978515625,0.625,13.306309461593628,OPTIMAL
XOR,0.1,42,0.425,0.0014226436614990234,0.675,15.271880865097046,FEASIBLE
XOR,0.1,43,0.55,0.0018568038940429688,0.625,15.357876777648926,FEASIBLE
XOR,0.1,44,0.85,0.0009238719940185547,0.6,7.829216480255127,OPTIMAL
XOR,0.1,45,0.725,0.0014865398406982422,0.65,15.32959508895874,FEASIBLE
XOR,0.1,46,0.8,0.0007452964782714844,0.55,15.329035997390747,FEASIBLE
XOR,0.1,47,0.9,0.0009322166442871094,0.65,15.307465076446533,FEASIBLE
XOR,0.1,48,0.425,0.0007371902465820312,0.55,15.257227897644043,FEASIBLE
XOR,0.1,49,0.875,0.001672983169555664,0.625,15.315318822860718,FEASIBLE
XOR,0.1,50,0.525,0.0008575916290283203,0.6,15.257512331008911,FEASIBLE
XOR,0.1,51,0.55,0.0008790493011474609,0.625,15.285151720046997,FEASIBLE
XOR,0.1,52,0.65,0.0030045509338378906,0.75,15.289912223815918,FEASIBLE
XOR,0.1,53,0.6,0.001432657241821289,0.6,15.284451007843018,FEASIBLE
XOR,0.1,54,0.825,0.0012660026550292969,0.625,15.32296347618103,FEASIBLE
XOR,0.1,55,0.6,0.001848459243774414,0.625,15.302965641021729,FEASIBLE
XOR,0.1,56,0.625,0.0006997585296630859,0.7,15.270708322525024,FEASIBLE
XOR,0.1,57,0.8,0.001680135726928711,0.625,15.310478210449219,FEASIBLE
XOR,0.1,58,0.7,0.0010571479797363281,0.775,15.311036109924316,FEASIBLE
XOR,0.1,59,0.575,0.0014302730560302734,0.75,15.328665256500244,FEASIBLE
XOR,0.1,60,0.475,0.002256631851196289,0.7,15.287297487258911,FEASIBLE
XOR,0.1,61,0.475,0.0010411739349365234,0.525,15.306440353393555,FEASIBLE
XOR,0.1,62,0.575,0.0008802413940429688,0.575,15.340933084487915,FEASIBLE
XOR,0.1,63,0.7,0.0023202896118164062,0.7,15.2479727268219,FEASIBLE
XOR,0.1,64,0.475,0.0011298656463623047,0.525,15.309123277664185,FEASIBLE
XOR,0.1,65,0.55,0.0009255409240722656,0.65,15.333016633987427,FEASIBLE
XOR,0.1,66,0.8,0.0010440349578857422,0.725,15.350999116897583,FEASIBLE
XOR,0.1,67,0.45,0.0007169246673583984,0.675,15.25019097328186,FEASIBLE
XOR,0.1,68,0.875,0.0007188320159912109,0.725,15.26170015335083,FEASIBLE
XOR,0.1,69,0.425,0.0018494129180908203,0.7,15.276045083999634,FEASIBLE
XOR,0.1,70,0.525,0.0014748573303222656,0.625,15.274351835250854,FEASIBLE
XOR,0.1,71,0.4,0.0007004737854003906,0.575,15.266595840454102,FEASIBLE
XOR,0.25,42,0.475,0.0008211135864257812,0.675,15.263705492019653,FEASIBLE
XOR,0.25,43,0.6,0.0017635822296142578,0.475,15.355090141296387,FEASIBLE
XOR,0.25,44,0.65,0.0018494129180908203,0.6,15.28358769416809,FEASIBLE
XOR,0.25,45,0.45,0.0010285377502441406,0.475,15.285550832748413,FEASIBLE
XOR,0.25,46,0.475,0.001399993896484375,0.475,15.36011815071106,FEASIBLE
XOR,0.25,47,0.55,0.0021011829376220703,0.55,15.270451068878174,FEASIBLE
XOR,0.25,48,0.525,0.0007541179656982422,0.4,15.336737155914307,FEASIBLE
XOR,0.25,49,0.7,0.0009918212890625,0.55,15.291090250015259,FEASIBLE
XOR,0.25,50,0.575,0.001825094223022461,0.575,15.343092918395996,FEASIBLE
XOR,0.25,51,0.6,0.0008513927459716797,0.575,15.284354209899902,FEASIBLE
XOR,0.25,52,0.5,0.0016841888427734375,0.625,15.316129684448242,FEASIBLE
XOR,0.25,53,0.525,0.0017902851104736328,0.575,15.460131883621216,FEASIBLE
XOR,0.25,54,0.525,0.0011234283447265625,0.55,15.426465034484863,FEASIBLE
XOR,0.25,55,0.7,0.0011649131774902344,0.5,15.39107608795166,FEASIBLE
XOR,0.25,56,0.85,0.0010828971862792969,0.6,15.405312061309814,FEASIBLE
XOR,0.25,57,0.7,0.0009570121765136719,0.5,15.30266523361206,FEASIBLE
XOR,0.25,58,0.55,0.018271923065185547,0.55,15.962476015090942,FEASIBLE
XOR,0.25,59,0.575,0.0016667842864990234,0.675,15.457645416259766,FEASIBLE
XOR,0.25,60,0.6,0.0006861686706542969,0.525,15.424477577209473,FEASIBLE
XOR,0.25,61,0.65,0.002034425735473633,0.55,15.34714674949646,FEASIBLE
XOR,0.25,62,0.475,0.00130462646484375,0.5,15.412729740142822,FEASIBLE
XOR,0.25,63,0.6,0.0015604496002197266,0.6,15.366665124893188,FEASIBLE
XOR,0.25,64,0.6,0.0009241104125976562,0.525,15.403702735900879,FEASIBLE
XOR,0.25,65,0.45,0.0008938312530517578,0.45,15.346407890319824,FEASIBLE
XOR,0.25,66,0.65,0.0010135173797607422,0.6,15.32737398147583,FEASIBLE
XOR,0.25,67,0.575,0.00247955322265625,0.6,15.375314950942993,FEASIBLE
XOR,0.25,68,0.7,0.0007615089416503906,0.675,15.383870601654053,FEASIBLE
XOR,0.25,69,0.425,0.001024007797241211,0.65,15.302969932556152,FEASIBLE
XOR,0.25,70,0.45,0.0018432140350341797,0.575,15.30730938911438,FEASIBLE
XOR,0.25,71,0.675,0.0007734298706054688,0.55,15.338545083999634,FEASIBLE
Polynomial,0.1,42,0.725,0.0010554790496826172,0.675,11.983618259429932,OPTIMAL
Polynomial,0.1,43,0.625,0.0014586448669433594,0.55,15.38608694076538,FEASIBLE
Polynomial,0.1,44,0.575,0.0028715133666992188,0.6,15.314422607421875,FEASIBLE
Polynomial,0.1,45,0.625,0.0010585784912109375,0.575,15.356015920639038,FEASIBLE
Polynomial,0.1,46,0.5,0.001966714859008789,0.575,15.271294593811035,FEASIBLE
Polynomial,0.1,47,0.7,0.0009410381317138672,0.7,13.05401062965393,OPTIMAL
Polynomial,0.1,48,0.65,0.0017914772033691406,0.625,15.302069425582886,FEASIBLE
Polynomial,0.1,49,0.575,0.0010044574737548828,0.575,15.277679681777954,FEASIBLE
Polynomial,0.1,50,0.6,0.0009515285491943359,0.475,15.345020055770874,FEASIBLE
Polynomial,0.1,51,0.525,0.0009872913360595703,0.575,15.387343645095825,FEASIBLE
Polynomial,0.1,52,0.55,0.003596067428588867,0.65,12.973069190979004,OPTIMAL
Polynomial,0.1,53,0.65,0.0031991004943847656,0.6,15.422410488128662,FEASIBLE
Polynomial,0.1,54,0.7,0.001173257827758789,0.7,15.299681425094604,FEASIBLE
Polynomial,0.1,55,0.575,0.0018956661224365234,0.575,15.324324369430542,FEASIBLE
Polynomial,0.1,56,0.65,0.0009248256683349609,0.65,7.256209373474121,OPTIMAL
Polynomial,0.1,57,0.65,0.0018880367279052734,0.7,13.488425016403198,OPTIMAL
Polynomial,0.1,58,0.675,0.0007357597351074219,0.675,13.840049743652344,OPTIMAL
Polynomial,0.1,59,0.475,0.0011868476867675781,0.525,15.341854572296143,FEASIBLE
Polynomial,0.1,60,0.475,0.0013420581817626953,0.625,15.380075454711914,FEASIBLE
Polynomial,0.1,61,0.675,0.0016222000122070312,0.65,7.728560447692871,OPTIMAL
Polynomial,0.1,62,0.65,0.001210927963256836,0.775,15.367148160934448,FEASIBLE
Polynomial,0.1,63,0.75,0.0007722377777099609,0.675,6.807413339614868,OPTIMAL
Polynomial,0.1,64,0.8,0.0019409656524658203,0.825,15.402656555175781,FEASIBLE
Polynomial,0.1,65,0.6,0.004003763198852539,0.6,15.384809494018555,FEASIBLE
Polynomial,0.1,66,0.55,0.003351449966430664,0.575,15.3238525390625,FEASIBLE
Polynomial,0.1,67,0.625,0.0006899833679199219,0.625,15.305631637573242,FEASIBLE
Polynomial,0.1,68,0.55,0.0017690658569335938,0.625,15.32080602645874,FEASIBLE
Polynomial,0.1,69,0.475,0.0022084712982177734,0.6,13.131086587905884,OPTIMAL
Polynomial,0.1,70,0.475,0.0019731521606445312,0.7,15.285548448562622,FEASIBLE
Polynomial,0.1,71,0.55,0.0019021034240722656,0.675,15.33495569229126,FEASIBLE
Polynomial,0.25,42,0.55,0.0010805130004882812,0.6,15.334474563598633,FEASIBLE
Polynomial,0.25,43,0.65,0.0013074874877929688,0.525,15.278159618377686,FEASIBLE
Polynomial,0.25,44,0.625,0.0018734931945800781,0.45,15.403050661087036,FEASIBLE
Polynomial,0.25,45,0.55,0.001018524169921875,0.65,15.264105796813965,FEASIBLE
Polynomial,0.25,46,0.45,0.0011301040649414062,0.55,15.45026707649231,FEASIBLE
Polynomial,0.25,47,0.675,0.0012066364288330078,0.6,15.273300409317017,FEASIBLE
Polynomial,0.25,48,0.525,0.002940654754638672,0.55,15.277115106582642,FEASIBLE
Polynomial,0.25,49,0.575,0.0012557506561279297,0.675,15.288233757019043,FEASIBLE
Polynomial,0.25,50,0.55,0.0008988380432128906,0.65,15.363335371017456,FEASIBLE
Polynomial,0.25,51,0.575,0.0011382102966308594,0.55,15.34036922454834,FEASIBLE
Polynomial,0.25,52,0.525,0.0010378360748291016,0.525,15.298131227493286,FEASIBLE
Polynomial,0.25,53,0.425,0.0013768672943115234,0.55,15.270862817764282,FEASIBLE
Polynomial,0.25,54,0.625,0.0013463497161865234,0.6,15.271032094955444,FEASIBLE
Polynomial,0.25,55,0.525,0.0014853477478027344,0.625,15.342158555984497,FEASIBLE
Polynomial,0.25,56,0.625,0.004137277603149414,0.6,15.434524774551392,FEASIBLE
Polynomial,0.25,57,0.475,0.0010504722595214844,0.475,12.02037787437439,OPTIMAL
Polynomial,0.25,58,0.55,0.0019011497497558594,0.725,15.35618782043457,FEASIBLE
Polynomial,0.25,59,0.55,0.0011534690856933594,0.55,15.334731817245483,FEASIBLE
Polynomial,0.25,60,0.525,0.0011789798736572266,0.525,15.337345838546753,FEASIBLE
Polynomial,0.25,61,0.525,0.001706838607788086,0.6,15.356703758239746,FEASIBLE
Polynomial,0.25,62,0.55,0.0016405582427978516,0.65,15.40420651435852,FEASIBLE
Polynomial,0.25,63,0.55,0.0020470619201660156,0.525,12.917502164840698,OPTIMAL
Polynomial,0.25,64,0.475,0.002336740493774414,0.6,15.326160907745361,FEASIBLE
Polynomial,0.25,65,0.525,0.0006971359252929688,0.525,15.345231771469116,FEASIBLE
Polynomial,0.25,66,0.425,0.0020873546600341797,0.575,15.365124225616455,FEASIBLE
Polynomial,0.25,67,0.475,0.0011022090911865234,0.55,15.267733335494995,FEASIBLE
Polynomial,0.25,68,0.525,0.0015742778778076172,0.475,15.35642123222351,FEASIBLE
Polynomial,0.25,69,0.65,0.0033440589904785156,0.575,15.361237287521362,FEASIBLE
Polynomial,0.25,70,0.6,0.0016148090362548828,0.65,15.32860803604126,FEASIBLE
Polynomial,0.25,71,0.525,0.001504659652709961,0.675,15.266035556793213,FEASIBLE
